track_id,danceability,energy,key,loudness,mode,speechiness,acousticness,instrumentalness,liveness,valence,tempo,time_signature,will_enjoy
0V3wPSX9ygBnCm8psDIegu,0.637,0.643,4,-6.571,1,0.0519,0.13,1.8e-06,0.142,0.533,97.008,4,1
3OHfY25tqY28d16oZczHc8,0.644,0.728,8,-5.75,1,0.0351,0.0543,0.169,0.161,0.43,88.993,4,0
1odExI7RdWc4BT515LTAwj,0.508,0.43,2,-9.475,0,0.0335,0.83,0.000441,0.093,0.324,130.09,4,1
1bDbXMyjaUIooNwFE9wn0N,0.561,0.52,11,-9.342,0,0.244,0.0503,1.86e-06,0.355,0.424,153.15,3,0
7aRCf5cLOFN1U7kvtChY1G,0.817,0.44,10,-8.482,0,0.0734,0.0603,1.42e-06,0.33,0.544,142.024,4,0
3USxtqRwSYz57Ewm6wWRMp,0.761,0.525,11,-6.9,1,0.0944,0.44,6.7e-06,0.0921,0.531,80.87,4,0
3Ua0m0YmEjrMi9XErKcNiR,0.629,0.733,7,-5.445,1,0.0419,0.0025,0.0,0.357,0.362,120.001,4,1
10eBRyImhfqVvkiVEGf0N0,0.455,0.623,8,-3.878,1,0.0288,0.0739,0.000424,0.146,0.208,163.893,4,0
7FbrGaHYVDmfr7KoLIZnQ7,0.783,0.592,11,-8.332,0,0.0331,0.435,4.15e-06,0.347,0.726,120.018,4,1
5odlY52u43F5BjByhxg7wg,0.515,0.593,4,-4.801,1,0.0322,0.653,0.162,0.25,0.153,94.467,3,1
4uUG5RXrOk84mYEfFvj3cK,0.561,0.965,7,-3.673,0,0.0343,0.00383,7.07e-06,0.371,0.304,128.04,4,1
3AVrVz5rK8Hrqo9YGiVGN5,0.369,0.467,5,-9.018,1,0.0274,0.0194,0.46,0.109,0.174,94.473,4,1
3WMj8moIAXJhHsyLaqIIHI,0.369,0.192,4,-12.151,0,0.04,0.555,8.35e-06,0.0954,0.148,175.212,3,0
3xYJScVfxByb61dYHTwiby,0.672,0.782,5,-6.499,1,0.0421,0.148,4.73e-06,0.296,0.239,106.026,4,1
6AQbmUe0Qwf5PZnt4HmTXv,0.696,0.809,5,-8.254,1,0.05,0.252,0.000128,0.248,0.857,132.962,4,1
5Q0Nhxo0l2bP3pNjpGJwV1,0.652,0.698,10,-4.667,0,0.042,0.00112,0.000115,0.0886,0.47,96.021,4,0
5RcxRGvmYai7kpFSfxe5GY,0.852,0.675,2,-5.738,1,0.0363,0.397,0.00317,0.0905,0.528,132.005,3,1
5AqiaZwhmC6dIbgWrD5SzV,0.854,0.668,5,-7.848,0,0.0466,0.264,5.61e-05,0.117,0.805,132.966,3,1
2Dct3GykKZ58hpWRFfe2Qd,0.68,0.246,4,-14.112,1,0.058,0.783,0.0,0.106,0.388,110.23,4,1
2LBqCSwhJGcFQeTHMVGwy3,0.586,0.525,1,-7.163,0,0.0615,0.111,0.0,0.134,0.508,133.629,4,1
4RvWPyQ5RL0ao9LPZeSouE,0.645,0.795,7,-12.095,1,0.0527,0.347,0.00389,0.104,0.535,112.067,4,1
1xK59OXxi2TAAAbmZK0kBL,0.571,0.544,6,-10.613,1,0.0299,0.453,0.00805,0.322,0.216,132.052,4,1
6dgUya35uo964z7GZXM07g,0.74,0.697,8,-4.912,1,0.034,0.0268,0.0,0.224,0.732,138.992,4,1
0WtM2NBVQNNJLh6scP13H8,0.801,0.806,11,-5.206,1,0.0381,0.382,0.000669,0.114,0.802,106.999,4,1
0caJ2wkqp4UmXBwdR2JvB5,0.693,0.595,8,-7.578,1,0.0311,0.0969,0.0,0.113,0.646,112.02,4,1
0yLdNVWF3Srea0uzk55zFn,0.707,0.681,0,-4.325,1,0.0668,0.0632,5.15e-06,0.0322,0.646,117.999,4,1
7H0ya83CMmgFcOhw0UB6ow,0.508,0.792,0,-7.311,0,0.0297,0.229,0.124,0.145,0.601,147.067,4,0
3k79jB4aGmMDUQzEwa46Rz,0.511,0.532,5,-5.745,1,0.056,0.169,0.0,0.311,0.322,137.827,4,1
0VE4kBnHJUgtMf0dy6DRmW,0.562,0.689,2,-6.745,1,0.127,0.00465,2.23e-06,0.0888,0.351,172.054,4,0
4lIxdJw6W3Fg4vUIYCB0S5,0.598,0.786,2,-5.572,1,0.0383,0.00253,0.0016,0.117,0.456,95.019,4,1
1dGr1c8CrMLDpV6mPbImSI,0.359,0.543,7,-7.582,1,0.0919,0.492,1.58e-05,0.118,0.453,68.534,4,0
58BWnoFDNaeM0vwA0K3fqb,0.629,0.733,7,-5.445,1,0.0419,0.0025,0.0,0.357,0.362,120.001,4,1
2QjOHCTQ1Jl3zawyYOpxh6,0.612,0.807,10,-2.81,1,0.0336,0.0495,0.0177,0.101,0.398,124.053,4,1
7KokYm8cMIXCsGVmUvKtqf,0.642,0.62,8,-7.091,1,0.0666,0.0734,0.0,0.483,0.0969,90.02,4,0
1BxfuPKGuaTgP7aM0Bbdwr,0.552,0.702,9,-5.707,1,0.157,0.117,2.06e-05,0.105,0.564,169.994,4,0
1Qrg8KqiBpW07V7PNxwwwL,0.644,0.735,8,-5.747,1,0.0391,0.0521,0.144,0.161,0.418,88.98,4,0
4iZ4pt7kvcaH6Yo8UoZ4s2,0.559,0.551,5,-7.231,1,0.132,0.141,0.0,0.11,0.392,143.008,4,1
5w40ZYhbBMAlHYNDaVJIUu,0.498,0.897,2,-4.907,1,0.045,0.00136,0.0,0.118,0.373,169.902,4,0
4LRPiXqCikLlN15c3yImP7,0.52,0.731,6,-5.338,0,0.0557,0.342,0.00101,0.311,0.662,173.93,4,0
6GGtHZgBycCgGBUhZo81xe,0.49,0.352,6,-11.577,0,0.0254,0.709,0.0856,0.114,0.166,99.992,4,1
1R0a2iXumgCiFb7HEZ7gUE,0.615,0.534,9,-6.719,0,0.0386,0.106,1.76e-05,0.0607,0.193,135.917,4,1
1vYXt7VSjH9JIM5oRRo7vA,0.671,0.845,11,-4.93,0,0.048,0.0207,0.0,0.329,0.775,110.056,4,1
1p80LdxRV74UKvL8gnD7ky,0.753,0.678,5,-5.421,1,0.0644,0.085,1.64e-06,0.13,0.583,96.006,4,1
11xC6P3iKYpFThT6Ce1KdG,0.759,0.567,2,-7.911,1,0.248,0.118,0.0278,0.105,0.421,87.981,4,0
4R2kfaDFhslZEMJqAFNpdd,0.613,0.581,0,-8.588,0,0.0424,0.537,0.000345,0.25,0.551,130.033,4,1
6XSqqQIy7Lm7SnwxS4NrGx,0.859,0.658,11,-4.79,1,0.159,0.145,0.0,0.12,0.672,100.065,4,1
3hxIUxnT27p5WcmjGUXNwx,0.485,0.409,9,-10.711,0,0.101,0.325,0.0,0.103,0.376,138.419,4,1
3F5CgOj3wFlRv51JsHbxhe,0.529,0.673,0,-4.711,1,0.175,0.000307,2.41e-06,0.093,0.366,165.921,4,0
4h9wh7iOZ0GGn8QVp4RAOB,0.704,0.797,0,-5.927,1,0.0475,0.0826,0.000745,0.0546,0.825,139.994,4,1
7MXVkk9YMctZqd1Srtv4MB,0.679,0.587,7,-7.015,1,0.276,0.141,6.35e-06,0.137,0.486,186.003,4,0
6HgWWaMu31KdOpEG5l28BG,0.829,0.436,3,-8.205,1,0.327,0.15,0.0,0.0954,0.693,143.031,4,1
7KXjTSCq5nL1LoYtL7XAwS,0.908,0.621,1,-6.638,0,0.102,0.000282,5.39e-05,0.0958,0.421,150.011,4,0
1fXnu2HzxbDtoyvFPWG3Bw,0.756,0.582,11,-7.726,1,0.0343,0.0592,0.0,0.161,0.605,134.07,4,1
5BbdKBZO0TH0GhfxUfyhL9,0.877,0.517,2,-5.426,0,0.0706,0.217,0.0,0.143,0.255,119.996,4,1
1zi7xx7UVEFkmKfv06H8x0,0.792,0.625,1,-5.609,1,0.0536,0.00776,0.0018,0.329,0.37,103.967,4,1
78QR3Wp35dqAhFEc2qAGjE,0.897,0.662,1,-6.903,0,0.292,0.0852,0.0,0.534,0.389,112.511,4,1
0AAMnNeIc6CdnfNU85GwCH,0.775,0.298,9,-9.351,1,0.0517,0.211,0.000233,0.132,0.0472,120.091,4,1
0vjeOZ3Ft5jvAi9SBFJm1j,0.526,0.606,5,-5.3,0,0.259,0.152,2.36e-06,0.194,0.492,116.622,4,1
3xKsf9qdS1CyvXSMEid6g8,0.545,0.545,9,-7.362,1,0.107,0.667,5.48e-05,0.417,0.549,159.94,3,0
4KW1lqgSr8TKrvBII0Brf8,0.724,0.573,7,-4.113,1,0.0549,0.118,0.0,0.538,0.438,113.088,4,1
2ZL7WZcjuYKi1KUDtp4kCC,0.773,0.701,7,-6.386,1,0.0512,0.01,0.0,0.163,0.203,129.963,4,1
4tqcoej1zPvwePZCzuAjJd,0.495,0.722,6,-8.108,0,0.357,0.0697,0.0,0.113,0.539,175.627,4,0
5TRPicyLGbAF2LGBFbHGvO,0.639,0.628,6,-7.578,0,0.0399,0.0381,0.0,0.386,0.43,90.482,4,0
3azJifCSqg9fRij2yKIbWz,0.645,0.534,6,-10.8,0,0.0479,0.157,0.0,0.0863,0.463,105.02,4,1
7sO5G9EABYOXQKNPNiE9NR,0.88,0.428,9,-8.28,1,0.206,0.149,5.05e-05,0.114,0.333,100.007,4,1
4rXLjWdF2ZZpXCVTfWcshS,0.847,0.622,1,-6.747,0,0.0903,0.119,0.0,0.285,0.22,130.001,4,1
2wAJTrFhCnQyNSD3oUgTZO,0.831,0.427,2,-6.903,1,0.106,0.0531,0.0,0.307,0.216,93.004,4,0
3sNVsP50132BTNlImLx70i,0.367,0.665,1,-2.821,1,0.0465,0.145,0.0,0.113,0.31,148.913,4,0
2HbKqm4o0w5wEeEFXm2sD4,0.716,0.531,7,-7.355,1,0.122,0.0703,0.0,0.224,0.344,71.994,4,0
1qMMYpVatbRITKCfq1gasi,0.883,0.657,8,-5.748,1,0.305,0.0603,0.0,0.128,0.284,124.992,4,1
5BmB3OaQyYXCqRyN8iR2Yi,0.938,0.606,6,-6.396,0,0.419,0.117,0.0,0.528,0.706,121.108,4,1
0WtDGnWL2KrMCk0mI1Gpwz,0.745,0.353,1,-10.614,1,0.0983,0.174,0.00662,0.118,0.598,160.111,4,0
59nOXPmaKlBfGMDeOVGrIK,0.463,0.642,1,-4.474,1,0.34,0.314,0.0,0.0686,0.339,83.389,4,0
1SRw5p2lVAi7RGlHEmZg66,0.816,0.367,2,-9.354,1,0.0588,0.314,0.0,0.0987,0.413,116.035,4,1
6pcywuOeGGWeOQzdUyti6k,0.847,0.733,10,-6.439,0,0.16,0.00574,1.04e-05,0.151,0.202,130.029,4,1
68Dni7IE4VyPkTOH9mRWHr,0.69,0.521,10,-8.492,0,0.339,0.324,0.0,0.0534,0.494,100.028,4,1
7KA4W4McWYRpgf0fWsJZWB,0.558,0.559,6,-9.222,1,0.0959,0.371,7.49e-06,0.109,0.62,78.558,4,0
4EWCNWgDS8707fNSZ1oaA5,0.79,0.647,10,-5.983,0,0.136,0.0515,0.0,0.248,0.654,87.999,4,0
7rbECVPkY5UODxoOUVKZnA,0.542,0.466,0,-8.665,1,0.0831,0.141,0.000445,0.125,0.124,191.385,4,0
6Ec5LeRzkisa5KJtwLfOoW,0.599,0.526,9,-7.812,0,0.0385,0.0408,0.00256,0.209,0.134,90.018,4,0
5SWnsxjhdcEDc7LJjq9UHk,0.819,0.626,10,-4.574,0,0.202,0.00748,0.101,0.167,0.415,143.01,4,0
65OVbaJR5O1RmwOQx0875b,0.578,0.449,1,-6.349,1,0.286,0.0618,2.17e-06,0.119,0.1,136.006,4,1
2qOm7ukLyHUXWyR4ZWLwxA,0.798,0.744,7,-5.328,0,0.136,0.33,0.000106,0.292,0.794,82.356,4,0
2dHHgzDwk4BJdRwy9uXhTO,0.715,0.62,1,-6.005,0,0.0484,0.417,0.0,0.0822,0.172,97.95,4,1
50a8bKqlwDEqeiEknrzkTO,0.892,0.633,8,-7.471,1,0.0902,0.0467,0.000189,0.139,0.459,137.994,4,1
2BcMwX1MPV6ZHP4tUT9uq6,0.849,0.424,5,-9.579,0,0.324,0.0635,0.0,0.0834,0.153,145.887,4,0
6IZvVAP7VPPnsGX6bvgkqg,0.665,0.535,4,-7.056,0,0.0572,0.0786,1.68e-05,0.154,0.37,138.842,4,1
6PGoSes0D9eUDeeAafB2As,0.8,0.585,10,-7.343,1,0.0924,0.264,0.0,0.153,0.779,126.058,4,1
2JvzF1RMd7lE3KmFlsyZD8,0.837,0.364,8,-11.713,1,0.276,0.149,0.0,0.271,0.463,123.984,4,1
2Hh3ETdQKrmSI3QS0hme7g,0.684,0.671,7,-4.392,0,0.0464,0.189,2.37e-05,0.122,0.156,88.048,4,0
25VQoiuyc0HkC5FQTj1a8G,0.365,0.541,7,-7.489,1,0.0304,0.0419,2.25e-06,0.281,0.329,86.041,4,0
39MK3d3fonIP8Mz9oHCTBB,0.611,0.483,11,-6.216,0,0.055,0.214,0.0,0.124,0.204,145.983,4,0
5rurggqwwudn9clMdcchxT,0.631,0.535,0,-7.836,1,0.0842,0.464,0.0,0.115,0.22,140.127,4,1
5wG3HvLhF6Y5KTGlK0IW3J,0.571,0.549,1,-7.38,0,0.404,0.18,0.0,0.168,0.447,119.497,4,1
5mCPDVBb16L4XQwDdbRUpz,0.809,0.463,11,-11.377,1,0.0396,0.256,0.085,0.109,0.364,111.98,4,1
3QFInJAm9eyaho5vBzxInN,0.711,0.611,1,-5.453,1,0.33,0.00588,0.0,0.23,0.144,134.093,4,1
2tznHmp70DxMyr2XhWLOW0,0.636,0.676,2,-3.442,1,0.0263,0.0807,0.0,0.0831,0.273,113.98,4,1
37CoOXIsgF3NzbK1zHZetk,0.759,0.646,1,-7.603,1,0.12,0.231,0.0,0.161,0.445,111.043,4,1
2LawezPeJhN4AWuSB0GtAU,0.741,0.697,0,-7.028,1,0.0277,0.0664,2.28e-05,0.133,0.774,116.109,4,1
4h9wh7iOZ0GGn8QVp4RAOB,0.704,0.797,0,-5.927,1,0.0475,0.0826,0.000745,0.0546,0.825,139.994,4,0
1QEEqeFIZktqIpPI4jSVSF,0.377,0.681,7,-8.039,1,0.0298,0.00088,0.0023,0.0504,0.285,108.789,4,1
200x8ONbPfFzByUr3fVz46,0.607,0.912,8,-3.449,1,0.0611,0.124,0.0,0.332,0.722,134.944,4,1
0ofHAoxe9vBkTCp2UQIavz,0.828,0.492,0,-9.744,1,0.0276,0.0644,0.00428,0.128,0.789,120.151,4,1
20OFwXhEXf12DzwXmaV7fj,0.508,0.774,2,-5.973,1,0.0321,0.0586,4.87e-06,0.063,0.942,178.946,4,0
0GO8y8jQk1PkHzS31d699N,0.56,0.936,3,-5.835,1,0.0439,0.00847,0.0,0.161,0.371,112.96,4,1
1xsYj84j7hUDDnTTerGWlH,0.392,0.476,1,-7.583,1,0.0249,0.397,0.000163,0.309,0.234,78.031,4,0
6K4t31amVTZDgR3sKmwUJJ,0.64,0.74,4,-4.083,1,0.0284,0.0115,0.00678,0.167,0.785,116.879,4,1
57bgtoPSgt236HzfBOd8kj,0.502,0.89,4,-5.175,1,0.0364,0.000147,0.0117,0.217,0.259,133.52,4,1
40riOy7x9W7GXjyGp4pjAv,0.579,0.508,2,-9.484,1,0.027,0.00574,0.000494,0.0575,0.609,147.125,4,0
2MLHyLy5z5l5YRp7momlgw,0.654,0.81,4,-6.26,0,0.0288,0.00719,0.00251,0.165,0.661,114.623,4,1
5UWwZ5lm5PKu6eKsHAGxOk,0.413,0.881,11,-5.541,0,0.0367,5.99e-05,0.000308,0.0805,0.364,158.066,4,0
6GG73Jik4jUlQCkKg9JuGO,0.643,0.849,2,-5.428,1,0.0526,0.0371,0.0,0.058,0.903,162.152,4,0
5kB6WithhB8Iv08EMNmAbt,0.645,0.8,6,-4.272,1,0.0363,0.0189,1.12e-05,0.0858,0.375,118.977,4,1
003vvx7Niy0yvhvHt4a68B,0.352,0.911,1,-5.23,1,0.0747,0.00121,0.0,0.0995,0.236,148.033,4,0
2hnMS47jN0etwvFPzYk11f,0.682,0.765,1,-5.021,0,0.0395,0.0268,3.42e-05,0.188,0.567,90.807,4,0
7snQQk1zcKl8gZ92AnueZW,0.446,0.952,6,-5.321,1,0.0523,0.0901,0.0857,0.112,0.624,125.303,4,1
0qRR9d89hIS0MHRkQ0ejxX,0.573,0.683,5,-6.644,1,0.176,0.461,0.0,0.0935,0.817,169.519,4,0
5ghIJDpPoe3CfHMGu71E6T,0.502,0.912,1,-4.556,1,0.0564,2.55e-05,0.000173,0.106,0.72,116.761,4,1
2SiXAy7TuUkycRVbbWDEpo,0.532,0.767,7,-5.509,1,0.0574,0.00287,0.000513,0.39,0.755,127.361,4,1
4yugZvBYaoREkJKtbG08Qr,0.575,0.67,7,-10.39,1,0.0318,0.343,4.95e-06,0.129,0.74,139.191,4,1
5e9TFTbltYBg2xThimr0rU,0.545,0.67,9,-8.81,1,0.0496,0.009,0.000822,0.0451,0.481,151.553,4,0
70LcF31zb1H0PyJoS1Sx1r,0.515,0.43,7,-9.935,1,0.0372,0.0097,0.000133,0.129,0.104,91.844,4,0
4kbj5MwxO1bq9wjT5g9HaA,0.578,0.866,1,-3.804,1,0.0619,0.00701,0.0,0.257,0.619,128.038,4,1
2iUmqdfGZcHIhS3b9E9EWq,0.471,0.924,8,-3.906,1,0.0586,0.00301,0.0,0.313,0.725,154.961,4,0
3yrSvpt2l1xhsV9Em88Pul,0.491,0.583,7,-10.964,1,0.0376,0.185,0.0,0.406,0.908,150.566,4,0
7e89621JPkKaeDSTQ3avtg,0.596,0.605,7,-12.145,1,0.0255,0.181,0.000331,0.0863,0.886,97.798,4,0
0LQtEJt7x0s6knb6RKdRYc,0.566,0.713,6,-4.25,1,0.0418,0.645,0.0,0.114,0.805,169.861,4,0
086myS9r57YsLbJpU0TgK9,0.691,0.631,2,-6.478,1,0.0368,0.0483,1.13e-05,0.104,0.8,92.004,4,0
5tVA6TkbaAH9QMITTQRrNv,0.623,0.449,5,-13.333,1,0.0253,0.212,0.0,0.0613,0.572,84.383,4,0
5XeFesFbtLpXzIVDNQP22n,0.464,0.417,0,-9.345,0,0.0256,0.136,0.022,0.0974,0.479,67.528,4,0
4bHsxqR3GMrXTxEPLuK5ue,0.5,0.748,4,-9.072,1,0.0363,0.127,0.0,0.447,0.514,118.852,4,1
4BP3uh0hFLFRb5cjsgLqDh,0.64,0.663,0,-7.516,1,0.0374,0.201,0.00806,0.152,0.663,132.77,4,1
3JvrhDOgAt6p7K8mDyZwRd,0.484,0.731,1,-6.694,1,0.0379,0.431,0.0,0.151,0.51,101.654,4,1
5hM5arv9KDbCHS0k9uqwjr,0.621,0.873,5,-3.067,0,0.0369,0.0406,9.1e-06,0.0824,0.873,97.96,4,0
58ge6dfP91o9oXMzq3XkIS,0.52,0.852,0,-5.866,1,0.0543,0.00237,5.79e-05,0.0733,0.234,140.267,4,0
5E30LdtzQTGqRvNd7l6kG5,0.588,0.521,10,-9.461,1,0.0329,0.0678,0.149,0.123,0.337,85.012,4,0
3dPQuX8Gs42Y7b454ybpMR,0.743,0.446,4,-7.807,0,0.0683,0.0039,0.118,0.337,0.278,123.596,4,1
6dGnYIeXmHdcikdzNNDMm2,0.557,0.54,9,-10.484,1,0.0347,0.0339,0.00248,0.179,0.394,129.171,4,1
0pqnGHJpmpxLKifKRmU6WP,0.776,0.78,10,-4.374,0,0.128,0.0622,0.0,0.081,0.666,124.949,4,1
0d28khcov6AiegSCpG5TuT,0.818,0.705,6,-6.679,1,0.177,0.00836,0.00233,0.613,0.772,138.559,4,1
3VqHuw0wFlIHcIPWkhIbdQ,0.566,0.834,6,-8.412,0,0.0298,0.00277,0.008,0.0625,0.621,123.296,4,1
2374M0fQpWi3dLnB54qaLX,0.671,0.373,9,-18.064,1,0.0323,0.257,8.01e-05,0.0481,0.732,92.718,4,0
5FVd6KXrgO9B3JPmC8OPst,0.548,0.532,5,-7.596,1,0.0323,0.186,0.000263,0.217,0.405,85.03,4,0
7EkWXAI1wn8Ii883ecd9xr,0.345,0.941,9,-9.918,1,0.0466,3.84e-05,0.633,0.0511,0.407,179.626,4,0
2TfSHkHiFO4gRztVIkggkE,0.494,0.842,7,-4.784,1,0.0843,0.00579,0.0,0.122,0.574,162.011,4,0
6SpLc7EXZIPpy0sVko0aoU,0.517,0.906,1,-3.677,1,0.0735,0.00272,9.26e-06,0.113,0.731,172.977,4,0
6ihL9TjfRjadfEePzXXyVF,0.718,0.691,4,-6.44,1,0.0387,0.0159,0.0,0.0627,0.552,100.008,4,1
39shmbIHICJ2Wxnk1fPSdz,0.743,0.836,2,-6.465,1,0.116,0.0804,0.0,0.384,0.82,113.375,4,1
1HNE2PX70ztbEl6MLxrpNL,0.568,0.844,9,-5.875,1,0.0505,0.000189,0.0,0.0607,0.766,116.046,4,1
0JJP0IS4w0fJx01EcrfkDe,0.459,0.895,2,-3.126,1,0.0805,0.00725,0.0,0.206,0.572,181.04,4,0
04aAxqtGp5pv12UXAg4pkq,0.393,0.858,4,-2.868,0,0.0729,0.00359,0.0,0.102,0.56,176.042,4,0
0BRHnOFm6sjxN1i9LJrUDu,0.494,0.939,1,-3.127,1,0.126,0.00666,0.0,0.139,0.893,177.751,4,0
4sebUbjqbcgDSwG6PbSGI0,0.44,0.778,1,-1.786,0,0.0327,0.0265,1.04e-06,0.151,0.304,148.038,4,0
76GlO5H5RT6g7y0gev86Nk,0.43,0.971,9,-3.845,1,0.0524,0.0271,2.16e-05,0.185,0.764,151.219,4,0
23oxJmDc1V9uLUSmN2LIvx,0.486,0.904,6,-3.751,0,0.0638,3.43e-05,2.83e-05,0.0947,0.786,173.734,4,0
6WkSUgo1VdpzgtiXKlFPcY,0.426,0.972,0,-5.122,1,0.0954,0.0017,0.0,0.171,0.341,111.221,4,1
5wQnmLuC1W7ATsArWACrgW,0.217,0.905,2,-4.103,1,0.0752,0.000289,0.00011,0.222,0.236,96.95,4,1
1FkoVC85Ds3mFoK0fVqEqP,0.488,0.862,0,-7.595,1,0.0476,0.0204,0.0,0.359,0.706,104.56,4,1
6nTiIhLmQ3FWhvrGafw2zj,0.38,0.988,1,-2.042,1,0.0639,2.64e-05,7.86e-05,0.368,0.769,186.113,4,0
1yjY7rpaAQvKwpdUliHx0d,0.602,0.923,5,-3.763,1,0.044,0.0098,0.0,0.0561,0.765,136.01,4,1
4KacUpvbA3Mfo05gttTjhN,0.402,0.914,9,-5.215,1,0.142,0.000579,0.0,0.065,0.626,196.505,4,0
1oTo3ijRbaDAtrjJrGAPSw,0.664,0.781,11,-6.547,1,0.0339,0.00103,5.33e-06,0.0867,0.593,110.0,4,1
1fJFuvU2ldmeAm5nFIHcPP,0.579,0.928,0,-4.344,1,0.0411,0.000715,0.0,0.18,0.882,95.594,4,1
1IT0WQk5J8NsaeII8ktdlZ,0.403,0.965,6,-2.238,1,0.0964,3.81e-05,0.000276,0.341,0.431,112.363,4,1
2hnMS47jN0etwvFPzYk11f,0.682,0.765,1,-5.021,0,0.0395,0.0268,3.42e-05,0.188,0.567,90.807,4,1
2m1hi0nfMR9vdGC8UcrnwU,0.434,0.897,0,-4.918,1,0.0488,0.0103,0.0,0.612,0.684,148.726,4,0
263aNAQCeFSWipk896byo6,0.526,0.762,0,-12.437,0,0.0342,0.000972,0.000116,0.338,0.505,136.203,4,1
7lRlq939cDG4SzWOF4VAnd,0.21,0.94,9,-3.427,1,0.123,0.00602,0.0,0.269,0.255,179.722,4,0
4EchqUKQ3qAQuRNKmeIpnf,0.523,0.943,1,-4.203,1,0.0337,0.00704,3.81e-05,0.0579,0.766,99.607,4,1
4wzjNqjKAKDU82e8uMhzmr,0.545,0.932,7,-2.189,0,0.0399,0.000665,0.0,0.127,0.464,92.956,4,1
1Dr1fXbc2IxaK1Mu8P8Khz,0.531,0.909,11,-4.236,1,0.034,0.0175,0.0,0.231,0.814,97.546,4,1
54MXF9I8s3DuiQo3g0gZ5k,0.371,0.979,1,-2.701,1,0.144,0.0002,3.67e-06,0.516,0.473,196.058,4,0
2Cdvbe2G4hZsnhNMKyGrie,0.535,0.716,4,-5.025,1,0.0431,0.326,0.0,0.659,0.901,94.379,4,1
4CiVz4bw7X1zjCaJ5ZwxUS,0.395,0.784,10,-5.903,0,0.132,0.0135,0.0,0.213,0.353,161.946,4,0
5GorCbAP4aL0EJ16frG2hd,0.496,0.682,8,-4.095,1,0.0294,0.00552,2.94e-05,0.0589,0.474,167.06,4,0
5oQcOu1omDykbIPSdSQQNJ,0.606,0.887,4,-4.404,1,0.0598,0.000242,0.0,0.337,0.903,119.974,4,1
3Zwu2K0Qa5sT6teCCHPShP,0.459,0.891,10,-5.057,0,0.0623,0.00511,0.0,0.106,0.588,154.837,4,0
6ORqU0bHbVCRjXm9AjyHyZ,0.475,0.432,7,-7.844,1,0.0302,0.183,0.0,0.161,0.648,94.605,4,1
4LJhJ6DQS7NwE7UKtvcM52,0.391,0.951,6,-7.419,1,0.0692,0.0126,0.000378,0.0878,0.468,157.66,4,0
6TfBA04WJ3X1d1wXhaCFVT,0.55,0.917,0,-3.159,1,0.0638,0.00428,0.0,0.197,0.601,126.115,4,1
7j31rVgGX9Q2blT92VBEA0,0.463,0.857,4,-3.063,1,0.0632,0.0506,0.0,0.184,0.856,111.647,4,1
0a7BloCiNzLDD9qSQHh5m7,0.622,0.961,11,-3.198,0,0.154,0.00523,0.0,0.0854,0.449,114.452,4,1
33iv3wnGMrrDugd7GBso1z,0.494,0.946,4,-2.757,1,0.0637,0.00129,0.0,0.398,0.741,103.408,4,1
1Bv3h7Vc4AaYA2BcSM3rVd,0.494,0.723,6,-4.559,0,0.0441,0.0192,0.0322,0.134,0.152,144.036,4,1
3Pzh926pXggbMe2ZpXyMV7,0.636,0.849,0,-7.075,1,0.106,0.0438,0.0,0.372,0.917,156.036,4,0
5lDriBxJd22IhOH9zTcFrV,0.465,0.954,10,-4.251,1,0.044,0.000346,5.38e-06,0.573,0.458,143.85,4,1
3B4q6KbHbGV51HO3GznBFF,0.804,0.696,7,-7.47,1,0.0899,0.00877,0.000985,0.314,0.657,95.721,4,1
1vcxF91pWs9uNwDROuiCPB,0.554,0.932,5,-3.424,0,0.0485,0.00154,0.000142,0.425,0.478,112.49,4,1
4GssB27iJeqmfGxS94Tfij,0.461,0.897,3,-3.982,0,0.092,0.00821,0.0,0.0965,0.358,165.107,4,0
6L89mwZXSOwYl76YXfX13s,0.442,0.943,3,-3.205,1,0.0602,0.00293,8.71e-06,0.091,0.781,85.064,4,0
4QxDOjgpYtQDxxbWPuEJOy,0.425,0.373,4,-7.543,1,0.0801,0.686,0.0,0.077,0.663,78.231,4,0
30QD4VRP9yEneOh0eGTrtJ,0.462,0.15,8,-13.531,1,0.0522,0.984,0.000902,0.105,0.19,98.66,3,1
4I4aQGNJ2HufloNtB65nxR,0.471,0.146,10,-13.6,1,0.0309,0.782,0.0,0.0888,0.595,78.554,4,0
0eEXcw3JLVXcRxYrVYMy68,0.866,0.534,11,-9.201,1,0.229,0.184,0.266,0.0929,0.841,98.243,4,1
5dUMh0ugelpKfoFp3qChuK,0.598,0.571,8,-12.616,0,0.139,0.704,0.0,0.513,0.962,173.141,4,0
3cfnGXJ9bmiWvFqEO6ff8B,0.424,0.443,6,-13.45,1,0.0382,0.532,0.000389,0.673,0.391,131.675,4,1
2ajUl8lBLAXOXNpG4NEPMz,0.713,0.639,2,-5.529,0,0.0313,0.753,0.0,0.0878,0.737,125.959,4,1
1ko2lVN0vKGUl9zrU0qSlT,0.749,0.497,10,-12.609,0,0.105,0.41,0.0499,0.0504,0.585,95.818,4,0
4wLZ4zPM9c4oe1VV8ejdWV,0.608,0.37,7,-9.207,1,0.0306,0.844,1.87e-05,0.112,0.349,127.631,4,1
4TTV7EcfroSLWzXRY6gLv6,0.609,0.435,11,-7.861,0,0.285,0.522,0.0,0.118,0.552,131.995,4,1
0PV1TFUMTBrDETzW6KQulB,0.59,0.672,1,-11.792,1,0.412,0.125,1.04e-06,0.147,0.688,206.247,4,0
1srD2uc11TcQiOmHHrJp8M,0.604,0.43,3,-10.624,1,0.0356,0.212,0.0,0.159,0.574,126.632,4,1
0zGLlXbHlrAyBN1x6sY0rb,0.421,0.285,2,-9.43,0,0.0293,0.829,1.55e-06,0.233,0.402,85.861,4,0
0WVTQp3SOCuMr08jh1jweV,0.523,0.402,0,-8.233,1,0.0305,0.778,0.0,0.432,0.675,70.863,4,0
3zBhihYUHBmGd2bcQIobrF,0.769,0.367,2,-11.226,1,0.0312,0.684,1.62e-05,0.081,0.535,103.621,4,1
6Rqn2GFlmvmV4w9Ala0I1e,0.399,0.326,7,-9.239,0,0.0386,0.864,0.0,0.191,0.546,79.206,4,0
3HuJDcOWx0gE9Yng2uWY7K,0.461,0.185,2,-18.087,1,0.0502,0.604,0.0,0.121,0.405,95.509,4,0
1kPBT8S2wJFNAyBMnGVZgL,0.477,0.433,11,-6.473,0,0.0247,0.689,0.000195,0.151,0.611,82.52,3,0
1qzHqfvKrZWo6dVHM1dXrj,0.429,0.18,10,-10.694,1,0.0551,0.864,4.4e-06,0.104,0.485,170.645,3,0
3KzgdYUlqV6TOG7JCmx2Wg,0.521,0.516,2,-7.456,0,0.0369,0.723,0.0,0.257,0.569,136.483,4,1
3kXoKlD84c6OmIcOLfrfEs,0.674,0.832,9,-7.892,1,0.0308,0.146,5.06e-06,0.138,0.981,125.996,4,1
7fQ3PYTYdu208fQ3JEm2U7,0.586,0.253,6,-11.93,0,0.0538,0.604,0.0,0.3,0.718,108.168,1,1
5EoYc5wvRYOtkudLfrjsL1,0.487,0.532,0,-7.496,1,0.0322,0.631,0.0,0.184,0.609,70.838,4,0
7EqpEBPOohgk7NnKvBGFWo,0.543,0.473,6,-9.638,1,0.157,0.124,4.04e-06,0.0922,0.519,86.534,4,0
3koCCeSaVUyrRo3N2gHrd8,0.869,0.648,11,-8.698,0,0.0633,0.121,2.17e-05,0.126,0.9,125.035,4,1
3Ti0GdlrotgwsAVBBugv0I,0.848,0.666,0,-6.547,1,0.274,0.173,0.000699,0.129,0.744,96.662,4,1
0KOE1hat4SIer491XKk4Pa,0.212,0.383,10,-10.071,1,0.0347,0.723,0.0,0.299,0.452,173.79,3,0
3NfxSdJnVdon1axzloJgba,0.592,0.355,9,-14.051,1,0.0352,0.478,0.0,0.0585,0.499,133.032,4,1
6ztstiyZL6FXzh4aG46ZPD,0.802,0.756,2,-10.791,0,0.0349,0.0843,0.00765,0.0521,0.963,131.715,4,1
4Hhv2vrOTy89HFRcjU3QOx,0.274,0.348,5,-8.631,1,0.0293,0.547,0.0133,0.334,0.328,87.43,3,1
24lvdbt9pS7DFEjhEWSl49,0.558,0.311,4,-9.582,0,0.0288,0.887,0.0,0.118,0.415,95.978,4,1
3I09LQbHS3NSU46Ly3tPpR,0.535,0.548,1,-6.51,1,0.037,0.533,1.48e-06,0.123,0.477,115.144,3,1
1IqF5PUDUnaykHLs0RWbDO,0.591,0.376,11,-10.832,0,0.0543,0.478,0.0282,0.101,0.308,140.026,4,1
4G3dZN9o3o2X4VKwt4CLts,0.759,0.756,4,-8.145,0,0.266,0.0903,2.36e-06,0.265,0.613,87.059,4,1
7zkLpY72g6lKQbiHDqri1S,0.526,0.299,8,-13.797,1,0.031,0.941,0.097,0.106,0.679,156.848,4,0
7jVBSPLSbL1jKVBDMXlRCx,0.588,0.561,11,-10.438,1,0.0406,0.56,0.0,0.276,0.943,128.6,4,1
5le4sn0iMcnKU56bdmNzso,0.52,0.571,11,-10.326,0,0.036,0.168,5.14e-06,0.17,0.701,161.051,3,0
2sEq2rC3ynYsT49x7utWnd,0.598,0.221,9,-10.484,1,0.0303,0.907,4.19e-05,0.0723,0.274,106.771,4,1
0RgcOUQg4qYAEt9RIdf3oB,0.676,0.692,9,-13.093,1,0.052,0.668,0.00915,0.13,0.799,102.516,4,1
2IdwQxhJn9ZE4zIotcCefR,0.262,0.356,0,-8.031,0,0.0303,0.613,0.0,0.175,0.426,174.176,3,0
2xar08Fq5xra2KKZs5Bw9j,0.556,0.61,9,-4.729,1,0.213,0.833,2.22e-06,0.258,0.665,199.373,4,0
4fIWvT19w9PR0VVBuPYpWA,0.615,0.733,8,-4.808,1,0.0335,0.152,0.0,0.109,0.796,122.58,4,1
648TTtYB0bH0P8Hfy0FmkL,0.349,0.182,5,-13.507,1,0.031,0.92,0.0152,0.143,0.178,136.094,3,1
2grjqo0Frpf2okIBiifQKs,0.697,0.832,9,-7.264,1,0.0298,0.168,0.00131,0.269,0.979,125.926,4,1
4T6HLdP6OcAtqC6tGnQelG,0.686,0.688,6,-4.981,0,0.0254,0.39,1.03e-06,0.0924,0.493,123.125,4,1
1zNXF2svmdlNxfS5XeNUgr,0.745,0.219,5,-11.216,1,0.0276,0.851,1.8e-05,0.0678,0.635,88.609,4,0
29U7stRjqHU6rMiS8BfaI9,0.271,0.165,5,-20.652,1,0.0351,0.729,1.6e-06,0.118,0.203,77.082,4,0
6jGnykaS6TkWp15utXSAeI,0.436,0.141,0,-13.271,1,0.0308,0.902,2.81e-06,0.126,0.146,76.64,3,0
5K09WxKdlkroDyEVyOSySy,0.603,0.271,5,-10.083,1,0.0284,0.679,0.0,0.141,0.405,110.89,3,1
5I9sHwLDX28tLtzVgKLtpr,0.366,0.391,3,-12.322,1,0.0425,0.854,0.0,0.352,0.461,119.182,3,1
5Eax0qFko2dh7Rl2lYs3bx,0.801,0.475,7,-8.797,0,0.0516,0.141,1.73e-05,0.0639,0.234,98.047,4,1
5fwSHlTEWpluwOM0Sxnh5k,0.762,0.766,7,-3.955,1,0.0343,0.00776,6.98e-05,0.128,0.442,130.001,4,1
0fea68AdmYNygeTGI4RC18,0.754,0.646,7,-5.795,1,0.317,0.152,1.85e-05,0.108,0.429,176.089,4,0
3WkibOpDF7cQ5xntM1epyf,0.853,0.606,0,-4.596,1,0.0713,0.0561,0.0,0.313,0.654,94.759,4,0
0CYTGMBYkwUxrj1MWDLrC5,0.743,0.831,8,-4.042,0,0.0584,0.114,6.43e-05,0.35,0.609,95.975,4,1
505v13epFXodT9fVAJ6h8k,0.92,0.696,6,-3.356,0,0.0742,0.183,0.0,0.149,0.545,106.966,4,1
5O4erNlJ74PIF6kGol1ZrC,0.916,0.72,0,-8.548,1,0.1,0.36,0.00016,0.0958,0.76,103.312,4,1
6Sq7ltF9Qa7SNFBsV5Cogx,0.911,0.712,1,-5.105,0,0.0817,0.0901,2.68e-05,0.0933,0.425,92.005,4,0
47EiUVwUp4C9fGccaPuUCS,0.731,0.573,4,-10.059,0,0.0544,0.401,5.22e-05,0.113,0.145,109.928,4,1
0DWdj2oZMBFSzRsi2Cvfzf,0.72,0.63,4,-3.547,0,0.277,0.673,0.0,0.0936,0.607,179.974,4,0
4FAKtPVycI4DxoOHC01YqD,0.783,0.729,6,-3.549,0,0.0691,0.0492,0.000272,0.1,0.58,167.968,4,0
13Z5Q40pa1Ly7aQk1oW8Ce,0.785,0.617,8,-4.202,1,0.234,0.109,0.0,0.11,0.58,92.844,4,0
31i56LZnwE6uSu3exoHjtB,0.876,0.498,10,-7.511,1,0.0478,0.0706,0.0,0.143,0.428,122.016,4,1
1mF6RkY7x1KsDBZS6cV5f1,0.664,0.529,2,-6.149,1,0.0392,0.539,5.28e-05,0.0697,0.439,148.12,4,0
4NoOME4Dhf4xgxbHDT7VGe,0.794,0.807,1,-3.447,0,0.326,0.334,0.0,0.104,0.575,178.003,4,0
69Ej1xrGjOcHvIMtMKxK0G,0.817,0.714,4,-7.501,0,0.141,0.184,0.000132,0.042,0.714,94.001,4,1
4gzsuuZypVbxs0Af1LSZyB,0.639,0.703,4,-6.33,0,0.0794,0.0889,1.78e-06,0.0865,0.138,169.888,4,0
2CeKVsFFXG4QzA415QygGb,0.865,0.573,5,-5.501,1,0.0678,0.0863,0.0,0.305,0.563,94.999,4,1
5ww2BF9slyYgNOk37BlC4u,0.835,0.679,7,-5.329,0,0.0364,0.583,1.98e-06,0.218,0.85,124.98,4,1
6Xom58OOXk2SoU711L2IXO,0.804,0.674,5,-5.453,0,0.0333,0.294,1.18e-06,0.115,0.292,99.968,4,1
1zsPaEkglFvxjAhrM8yhpr,0.901,0.589,1,-6.713,0,0.289,0.00302,0.000237,0.0992,0.399,98.002,4,1
75FYqcxt1YEAtqDLrOeIJn,0.826,0.49,9,-10.477,1,0.0676,0.00916,4.41e-06,0.0415,0.627,74.126,4,0
3k3NWokhRRkEPhCzPmV8TW,0.647,0.686,3,-5.745,0,0.0413,0.08,1.34e-06,0.528,0.268,79.928,4,0
3XjvMZqm2AQ8thMCD6w9w2,0.818,0.666,11,-5.319,1,0.0759,0.343,0.0,0.0922,0.529,93.95,4,0
228BxWXUYQPJrJYHDLOHkj,0.852,0.797,0,-6.543,1,0.0614,0.322,2.69e-06,0.0845,0.741,96.008,4,1
3kmWIej9tXjSWWYc9tPjJk,0.783,0.868,7,-2.961,0,0.0591,0.19,0.0,0.165,0.727,109.977,4,1
54ELExv56KCAB4UP9cOCzC,0.892,0.662,8,-3.894,1,0.162,0.169,1.24e-06,0.363,0.607,93.976,4,0
3Gs7mVfWKl567mjozgxmXv,0.823,0.615,7,-4.19,1,0.147,0.104,0.0,0.104,0.47,90.952,4,0
2JPLbjOn0wPCngEot2STUS,0.644,0.648,1,-4.601,1,0.118,0.276,0.0,0.135,0.44,179.951,4,0
4tYFy8ALRjIZvnvSLw5lxN,0.829,0.799,9,-5.389,1,0.0897,0.0151,0.000543,0.242,0.471,97.013,4,1
3tt9i3Hhzq84dPS8H7iSiJ,0.835,0.679,7,-5.329,0,0.0364,0.583,1.98e-06,0.218,0.85,124.98,4,1
4bycD60yZgR6anIBtmU8UH,0.777,0.715,8,-4.569,0,0.0874,0.455,3.5e-05,0.326,0.245,92.006,4,0
3HqcNJdZ2seoGxhn0wVNDK,0.87,0.517,1,-7.918,1,0.0475,0.576,0.00553,0.11,0.54,111.002,4,1
4k7CNPArKLf4QuvGfMeHDk,0.781,0.774,6,-4.477,1,0.187,0.133,0.0,0.472,0.762,175.956,4,0
2beS6dD5rovBxSA1zYoSHR,0.804,0.787,10,-3.824,0,0.0746,0.14,0.0,0.0927,0.562,91.974,4,0
41oY4WCTj5kccfesTVFnvN,0.795,0.684,11,-3.971,0,0.0419,0.0225,0.0,0.658,0.419,114.011,4,1
1IHWl5LamUGEuP4ozKQSXZ,0.65,0.715,5,-5.198,0,0.253,0.0993,0.000291,0.126,0.187,106.672,4,1
2oiixB9QMIzhWaHGVlQx4g,0.783,0.729,6,-3.549,0,0.0691,0.0492,0.000272,0.1,0.58,167.968,4,0
2mnXxnrX5vCGolNkaFvVeM,0.887,0.234,9,-14.52,1,0.178,0.111,0.67,0.13,0.197,140.02,4,0
2UW7JaomAMuX9pZrjVpHAU,0.812,0.479,2,-5.678,0,0.333,0.213,1.21e-06,0.0756,0.559,169.922,4,0
4eMKD8MRroxCqugpsxCCNb,0.805,0.707,6,-3.758,0,0.0353,0.142,3.71e-05,0.563,0.744,122.014,4,1
6RtPijgfPKROxEzTHNRiDp,0.773,0.758,1,-4.993,1,0.0381,0.0422,0.0,0.305,0.925,144.033,4,0
6JRLFiX9NJSoRRKxowlBYr,0.776,0.559,6,-8.375,0,0.103,0.11,0.0,0.0671,0.758,122.242,4,1
7uSLF2yhpjLlYBLtyPX3Lb,0.847,0.988,9,-0.517,1,0.103,0.283,0.000942,0.345,0.699,115.057,4,1
5gflgO9EPbIBf16n5TKnQS,0.808,0.697,10,-5.899,1,0.241,0.041,0.0,0.0546,0.554,95.06,4,1
1MB8kTH7VKvAMfL9SHgJmG,0.817,0.851,11,-3.309,0,0.0627,0.0351,0.0,0.232,0.886,127.019,4,1
5HrIcZOo1DysX53qDRlRnt,0.763,0.699,11,-6.118,0,0.0554,0.00789,0.0,0.409,0.255,110.01,4,1
5mg3VB3Qh7jcR5kAAC4DSV,0.774,0.66,2,-8.2,1,0.0328,0.662,0.0,0.4,0.961,120.023,4,1
0L8LOav65XwLjCLS11gNPD,0.915,0.621,7,-6.519,1,0.1,0.0745,0.0,0.628,0.527,131.984,4,1
2gYj9lubBorOPIVWsTXugG,0.68,0.922,0,-1.215,1,0.121,0.103,0.0,0.0877,0.799,125.014,4,1
1ULdASrNy5rurl1TZfFaMP,0.757,0.898,11,-1.247,0,0.0667,0.0138,0.0,0.0703,0.842,114.949,4,1
69CrOS7vEHIrhC2ILyEi0s,0.841,0.384,9,-7.684,0,0.0351,0.0236,2.28e-06,0.0735,0.597,123.961,4,1
5wxYxygyHpbgv0EXZuqb9V,0.681,0.821,11,-5.12,0,0.131,0.532,0.00111,0.0921,0.813,94.074,4,0
6EY9e6LyPWmL8hUS5E1P0h,0.623,0.755,7,-5.386,1,0.0415,0.00306,0.0,0.387,0.32,119.957,4,1
2pIUpMhHL6L9Z5lnKxJJr9,0.811,0.648,10,-3.684,0,0.0368,0.236,0.0,0.0761,0.695,104.988,4,0
65FftemJ1DbbZ45DUfHJXE,0.804,0.771,9,-4.067,0,0.0433,0.357,3.07e-06,0.108,0.739,126.956,4,1
4fsQ0K37TOXa3hEQfjEic1,0.882,0.797,10,-3.299,0,0.0819,0.0821,0.0,0.113,0.824,105.025,4,0
4uOBL4DDWWVx4RhYKlPbPC,0.815,0.834,4,-2.828,0,0.0475,0.0327,0.000268,0.27,0.692,129.989,4,1
51vRumtqbkNW9wrKfESwfu,0.795,0.875,4,-4.079,0,0.0525,0.111,8.94e-05,0.107,0.375,104.008,4,1
7mpdNiaQvygj2rHoxkzMfa,0.795,0.781,1,-4.647,1,0.141,0.285,0.0,0.108,0.687,104.972,4,1
69xohKu8C1fsflYAiSNbwM,0.724,0.818,8,-3.747,1,0.168,0.0201,0.0,0.0358,0.696,77.004,4,0
4SFknyjLcyTLJFPKD2m96o,0.812,0.761,11,-5.222,1,0.0812,0.0465,0.000135,0.0601,0.344,130.032,4,1
5podb1asONjqwKk1iMVOeG,0.593,0.858,1,-2.568,1,0.214,0.226,0.0,0.115,0.764,160.164,4,0
0Q5VnK2DYzRyfqQRJuUtvi,0.703,0.709,1,-4.169,0,0.0433,0.00379,5.43e-05,0.333,0.538,117.941,4,1
0f0SbtoKGe41cX5LzlnX6X,0.9,0.725,5,-6.213,0,0.135,0.179,0.00101,0.0791,0.791,100.015,4,1
0RDqNCRBGrSegk16Avfzuq,0.772,0.907,3,-2.438,0,0.124,0.136,0.0,0.334,0.783,119.973,4,1
3WUyu94psXrYV6HZbXgcFA,0.629,0.806,1,-2.034,0,0.201,0.0212,0.000487,0.0955,0.545,186.022,4,0
5IAESfJjmOYu7cHyX557kz,0.617,0.589,7,-5.978,1,0.0345,0.0268,0.0,0.378,0.566,92.991,4,0
5Hfnps0jaWFpYg55WOPexG,0.593,0.446,0,-7.776,0,0.0266,0.283,0.0,0.119,0.168,102.057,4,1
63irPUP3xB74fHdw1Aw9zR,0.581,0.8,1,-2.613,1,0.411,0.154,0.0,0.0697,0.709,119.872,5,1
0rhI6gvOeCKA502RdJAbfs,0.712,0.893,10,-3.995,0,0.0851,0.00788,0.0,0.169,0.828,125.022,4,1
0jvZ9caE53ubCQXMki6W23,0.738,0.743,9,-4.046,1,0.213,0.291,0.0,0.118,0.586,90.018,4,0
7hU3IHwjX150XLoTVmjD0q,0.831,0.554,1,-9.998,0,0.218,0.161,6.12e-05,0.152,0.396,140.026,4,0
2DwUdMJ5uxv20EhAildreg,0.847,0.638,0,-3.764,1,0.0575,0.0596,0.0,0.0894,0.661,156.935,4,0
1RDvyOk4WtPCtoqciJwVn8,0.71,0.879,0,-4.218,1,0.0422,0.158,0.00142,0.439,0.341,114.993,4,1
5QDLhrAOJJdNAmCTJ8xMyW,0.746,0.765,6,-4.41,0,0.0993,0.0112,0.0,0.0936,0.737,114.044,4,1
0a4MMyCrzT0En247IhqZbD,0.593,0.935,4,-3.43,0,0.225,0.268,0.0,0.286,0.783,99.976,4,0
3OdIiWnYRHPYtC313Z0Bwy,0.689,0.539,2,-7.671,0,0.048,0.178,1.45e-05,0.106,0.239,119.949,4,1
3O8G8eVrhfXTGttyQ1xVuq,0.812,0.89,6,-2.661,0,0.209,0.0961,0.0,0.0222,0.69,100.006,4,0
3OhW68CiyfCoeGntozuUMl,0.809,0.873,2,-2.984,1,0.0877,0.00406,0.0,0.0723,0.442,80.01,4,0
4IJsVXbSeGPUrgwpVoHmlg,0.665,0.848,0,-3.619,1,0.0708,0.000482,0.0,0.2,0.687,119.986,4,1
3AOf6YEpxQ894FmrwI9k96,0.771,0.88,8,-4.091,1,0.0857,0.162,1.41e-06,0.167,0.347,137.018,4,0
3r8RuvgbX9s7ammBn07D3W,0.814,0.641,6,-5.957,0,0.111,0.027,0.0,0.0993,0.183,133.854,4,1
59hBR0BCtJsfIbV9VzCVAp,0.585,0.815,0,-4.165,0,0.0565,0.115,0.0,0.124,0.564,132.09,4,1
1fpj1CJPxY3YvN3AMAEYvt,0.585,0.815,0,-4.165,0,0.0565,0.115,0.0,0.124,0.564,132.09,4,1
3gTQwwDNJ42CCLo3Sf4JDd,0.886,0.781,5,-1.837,0,0.333,0.0895,0.0,0.0715,0.672,104.996,4,1
1EWTsgQAEsUrnQ8iawhDSN,0.762,0.819,7,-2.307,1,0.106,0.0317,0.0,0.332,0.704,161.994,4,0
0u8rZGtXJrLtiSe34FPjGG,0.623,0.755,7,-5.386,1,0.0415,0.00306,0.0,0.387,0.32,119.957,4,1
4OtVQ2ZxS7yigIjGz5yKg1,0.756,0.831,5,-2.536,0,0.141,0.0966,0.0,0.0499,0.703,113.025,4,1
70t7Q6AYG6ZgTYmJWcnkUM,0.683,0.875,4,-4.866,0,0.0549,0.0115,0.0,0.084,0.384,122.002,4,1
5KyOUICJIvO0z71MBdPGiX,0.532,0.896,8,-4.356,1,0.184,0.00869,0.0,0.106,0.479,150.06,4,0
3v5o91PrUtf0nmO6j8J7dZ,0.767,0.721,1,-5.586,1,0.0456,0.153,1.52e-06,0.108,0.884,150.065,4,0
4QhnNyKDsAkXPwHkSnuc89,0.663,0.872,11,-5.056,1,0.2,0.0153,0.0,0.0519,0.626,142.951,4,0
60wwxj6Dd9NJlirf84wr2c,0.509,0.781,8,-3.48,1,0.072,0.0398,0.0,0.0749,0.176,128.0,4,1
4lhqb6JvbHId48OUJGwymk,0.545,0.78,7,-4.867,0,0.0436,0.0309,4.64e-05,0.0828,0.458,125.014,4,1
3BKD1PwArikchz2Zrlp1qi,0.602,0.91,7,-3.404,1,0.0308,0.00126,0.000174,0.12,0.228,127.944,4,1
0ITaSRuI0L1RNL7ZNYTTi7,0.602,0.824,0,-4.087,0,0.0547,0.0867,0.0,0.0947,0.442,125.147,4,1
0lYBSQXN6rCTvUZvg9S0lU,0.649,0.716,8,-5.371,1,0.0349,0.0863,2.63e-05,0.135,0.163,99.988,4,0
3FU6urUVsgXa6RBuV2PdRk,0.765,0.556,11,-6.417,1,0.0512,0.275,0.0,0.0824,0.274,111.033,4,1
7MmG8p0F9N3C4AXdK6o6Eb,0.646,0.823,2,-4.123,0,0.0394,0.213,0.0,0.322,0.418,128.035,4,1
0VO8gYVDSwM1Qdd2GsMoYK,0.553,0.659,8,-7.295,1,0.0391,0.0027,0.0,0.105,0.105,120.146,4,1
12GEpg2XOPyqk03JZEZnJs,0.64,0.533,0,-6.596,1,0.0706,0.119,0.0,0.0864,0.515,99.968,4,0
4qu63nuBpdn0qHUHuObEj1,0.721,0.738,7,-4.77,1,0.0403,0.00226,4.41e-06,0.118,0.637,119.976,4,1
18asYwWugKjjsihZ0YvRxO,0.754,0.763,7,-4.627,0,0.0435,0.0301,2.23e-05,0.0901,0.464,117.953,4,1
6jgkEbmQ2F2onEqsEhiliL,0.501,0.765,6,-7.063,0,0.0281,0.00294,0.49,0.184,0.46,91.771,4,0
3HlK8txWAdtKMrbsqX40pl,0.565,0.832,8,-5.751,0,0.108,0.0638,0.0288,0.386,0.847,143.303,4,0
4hPpVbbakQNv8YTHYaOJP4,0.659,0.625,4,-2.253,1,0.045,0.0644,0.0,0.582,0.442,88.042,4,0
1Lim1Py7xBgbAkAys3AGAG,0.723,0.809,7,-3.081,0,0.0625,0.00346,0.00123,0.565,0.274,98.007,4,0
3rb0tMq42WfggucPm0HHkA,0.607,0.767,5,-6.069,0,0.0474,0.118,0.0,0.122,0.662,123.998,3,1
2R4AlwtrrkMaRKojcTIzmL,0.551,0.529,5,-10.469,0,0.0517,0.296,0.0093,0.178,0.521,75.515,4,0
0nrRP2bk19rLc0orkWPQk2,0.532,0.783,2,-5.697,1,0.0523,0.0038,0.0012,0.161,0.643,124.08,4,1
21RzyxY3EFaxVy6K4RqaU9,0.752,0.764,1,-4.399,1,0.038,0.0476,9.44e-05,0.0543,0.582,121.958,4,1
6uBhi9gBXWjanegOb2Phh0,0.69,0.622,5,-5.025,0,0.0622,0.253,0.0,0.116,0.544,102.04,4,1
09IStsImFySgyp0pIQdqAc,0.753,0.657,7,-3.061,1,0.0449,0.171,0.0,0.112,0.437,107.01,4,1
1gihuPhrLraKYrJMAEONyc,0.707,0.924,7,-2.842,1,0.031,0.000972,0.00703,0.204,0.919,127.937,4,1
5VKG8ary0JW6iKemhmznzS,0.778,0.646,7,-5.762,1,0.0735,0.0195,2.14e-06,0.0956,0.61,81.992,4,0
5UqCQaDshqbIk3pkhy4Pjg,0.584,0.889,1,-5.941,0,0.0343,0.0462,0.828,0.309,0.464,126.04,4,1
2fhOljbX79loRcdl47SFye,0.662,0.478,9,-8.631,1,0.0451,0.252,0.833,0.216,0.43,139.98,4,0
7ef4DlsgrMEH11cDZd32M6,0.791,0.862,9,-3.24,0,0.11,0.037,2.19e-05,0.0814,0.592,123.994,4,1
51FvjPEGKq2zByeeEQ43V9,0.775,0.677,8,-4.703,0,0.0442,0.0313,0.00517,0.112,0.698,124.011,4,1
3uUuGVFu1V7jTQL60S1r8z,0.671,0.636,6,-8.117,0,0.103,0.515,0.000411,0.172,0.262,120.966,4,1
2V65y3PX4DkRhy1djlxd9p,0.612,0.84,11,-3.145,0,0.0509,0.112,0.0,0.116,0.438,129.042,4,0
2dpaYNEQHiRxtZbfNsse99,0.687,0.792,5,-2.749,1,0.0452,0.191,0.0,0.167,0.671,100.015,4,0
4LpUpiYoZ2M3Z1kmhn4EQo,0.709,0.496,1,-10.528,0,0.0417,0.581,0.191,0.151,0.469,78.477,4,0
7tr2za8SQg2CI8EDgrdtNl,0.736,0.795,1,-3.299,0,0.0545,0.498,1.21e-06,0.254,0.511,104.066,4,0
0azC730Exh71aQlOt9Zj3y,0.631,0.927,9,-2.787,0,0.0332,0.199,0.119,0.148,0.465,123.962,4,1
1N8klHEbZ0bFOHnMVs8C9S,0.732,0.464,1,-9.722,1,0.0527,0.0899,3.1e-05,0.0997,0.647,149.954,4,0
23L5CiUhw2jV1OIMwthR3S,0.501,0.519,4,-5.88,0,0.0409,0.109,0.0,0.454,0.168,133.99,4,1
5eTaQYBE1yrActixMAeLcZ,0.636,0.869,9,-5.289,1,0.0412,0.0378,0.0446,0.0808,0.306,143.011,4,0
0lHAMNU8RGiIObScrsRgmP,0.604,0.788,0,-3.673,0,0.103,0.0678,0.153,0.127,0.301,126.06,4,1
0ct6r3EGTcMLPtrXHDvVjc,0.527,0.835,6,-5.298,1,0.0433,0.0166,0.0,0.249,0.654,125.983,4,1
2P4OICZRVAQcYAV2JReRfj,0.579,0.736,6,-3.863,0,0.0527,0.31,0.0,0.198,0.613,127.999,4,1
4dTaAiV9xFFCxnPur9c9yL,0.561,0.87,8,-6.103,1,0.343,0.0015,2.82e-06,0.246,0.498,129.98,4,1
7H7NyZ3G075GqPx2evsfeb,0.538,0.557,11,-8.678,1,0.0914,0.262,0.914,0.102,0.506,131.03,4,0
1DunhgeZSEgWiIYbHqXl0c,0.729,0.735,1,-5.455,1,0.0919,0.0178,0.000193,0.089,0.544,121.986,4,1
6oJ6le65B3SEqPwMRNXWjY,0.693,0.678,8,-7.159,1,0.0324,0.0151,5.71e-06,0.101,0.404,103.952,4,1
0uXO2GrNiIb1xHT9LUdxZE,0.813,0.627,11,-5.018,0,0.0486,0.0771,0.000616,0.131,0.801,130.011,4,0
7vGuf3Y35N4wmASOKLUVVU,0.52,0.761,4,-3.093,1,0.0853,0.256,4.96e-06,0.17,0.286,141.971,4,0
10xV5l9nhLvFpR8mqzs0bL,0.912,0.774,0,-4.673,0,0.0455,0.121,0.0127,0.101,0.632,119.966,4,1
6XO8RlYuJCiI0v3IA48FeJ,0.645,0.525,3,-5.399,0,0.0355,0.0574,0.0,0.505,0.238,83.018,4,0
6YUTL4dYpB9xZO5qExPf05,0.596,0.856,4,-3.556,0,0.0346,0.0211,0.0178,0.141,0.743,127.949,4,1
6BePGk3eCan4FqaW2X8Qy3,0.696,0.793,8,-5.733,1,0.097,0.0683,3.78e-06,0.18,0.698,120.003,4,1
1cKHdTo9u0ZymJdPGSh6nq,0.323,0.737,10,-4.008,1,0.0338,0.142,0.000162,0.163,0.155,113.26,4,1
2fXwCWkh6YG5zU1IyvQrbs,0.692,0.684,6,-7.364,1,0.155,0.131,0.0,0.156,0.406,112.912,4,1
2GAhgAjOhEmItWLfgisyOn,0.698,0.546,0,-7.234,0,0.0559,0.425,0.00314,0.16,0.335,145.044,4,0
5mHdCZtVyb4DcJw8799hZp,0.538,0.742,2,-5.355,1,0.114,0.138,4.67e-05,0.0934,0.25,96.107,4,0
5gDWsRxpJ2lZAffh5p7K0w,0.715,0.47,5,-12.638,0,0.0772,0.353,0.0923,0.104,0.426,89.965,4,0
15EPc80XuFrb2LmOzGjuRg,0.728,0.607,1,-8.417,0,0.132,0.133,0.0,0.0864,0.445,129.938,4,1
5fEB6ZmVkg63GZg9qO86jh,0.595,0.678,9,-5.18,1,0.0335,0.0199,0.00389,0.418,0.259,117.067,4,1
2pg2TiYo9Rb8KeB5JjP7jS,0.741,0.61,6,-7.34,0,0.0511,0.316,0.0,0.534,0.72,125.99,4,1
0oufSLnKQDoBFX5mgkDCgR,0.764,0.394,8,-8.559,1,0.152,0.231,9.37e-05,0.117,0.465,92.009,4,0
7oDd86yk8itslrA9HRP2ki,0.531,0.525,1,-6.5,0,0.0671,0.232,0.0,0.441,0.502,66.9,4,0
0VjIjW4GlUZAMYd2vXMi3b,0.514,0.73,1,-5.934,1,0.0598,0.00146,9.54e-05,0.0897,0.334,171.005,4,0
5Z3GHaZ6ec9bsiI5BenrbY,0.799,0.539,1,-6.351,1,0.0421,0.199,1.66e-05,0.165,0.394,136.948,4,1
1N8TTK1Uoy7UvQNUazfUt5,0.73,0.785,8,-6.512,1,0.0554,0.0464,0.0216,0.111,0.649,94.094,4,0
5LrN7yUQAzvthd4QujgPFr,0.571,0.458,4,-9.283,1,0.0258,0.544,9.27e-05,0.123,0.299,132.025,4,1
73RbfOTJIjHzi2pcVHjeHM,0.74,0.758,1,-5.851,0,0.0921,0.061,1.44e-06,0.0967,0.757,171.925,4,0
2Ch7LmS7r2Gy2kc64wv3Bz,0.582,0.525,1,-7.163,0,0.0627,0.111,0.0,0.134,0.51,133.249,4,1
2IlT65thKQQw248mhk2PjQ,0.726,0.353,10,-10.273,1,0.105,0.65,0.002,0.224,0.503,137.66,4,0
2eAvDnpXP5W0cVtiI0PUxV,0.609,0.692,1,-2.958,1,0.0259,0.0157,0.0,0.0864,0.454,116.959,3,1
43PuMrRfbyyuz4QpZ3oAwN,0.525,0.433,6,-10.598,1,0.185,0.107,0.0,0.135,0.276,160.108,4,0
37F0uwRSrdzkBiuj0D5UHI,0.706,0.505,8,-6.923,1,0.193,0.142,0.0,0.164,0.388,160.053,4,0
5PvVkf1Yuq3XyMqqjPiKPd,0.602,0.5,8,-9.377,1,0.298,0.477,5.69e-05,0.295,0.395,132.798,4,1
3XgGQ1wjo5khvq2UImjyNF,0.617,0.378,9,-8.54,1,0.0315,0.428,9.16e-05,0.11,0.22,141.967,4,0
5IgjP7X4th6nMNDh4akUHb,0.733,0.69,9,-5.529,0,0.0427,0.0635,1.18e-06,0.105,0.31,116.992,4,1
2J6OF7CkpdQGSfm1wdclqn,0.583,0.344,2,-8.765,1,0.0559,0.774,0.0,0.143,0.581,65.203,3,0
6bnF93Rx87YqUBLSgjiMU8,0.537,0.746,10,-5.507,0,0.15,0.0236,1.01e-06,0.156,0.252,170.062,4,0
1KGi9sZVMeszgZOWivFpxs,0.743,0.675,8,-4.267,0,0.0953,0.0251,0.000717,0.0685,0.59,92.909,4,0
5rb9QrpfcKFHM1EUbSIurX,0.894,0.791,2,-4.699,1,0.112,0.0183,0.0,0.0388,0.583,105.018,4,1
3pXF1nA74528Edde4of9CC,0.765,0.356,11,-5.556,0,0.195,0.223,0.0,0.0963,0.189,96.991,4,0
3a3dQOO19moXPeTt2PomoT,0.429,0.371,2,-9.017,0,0.0327,0.546,5.71e-06,0.104,0.135,137.134,4,1
5QO79kh1waicV47BqGRL3g,0.68,0.826,0,-5.487,1,0.0309,0.0212,1.24e-05,0.543,0.644,118.051,4,1
7fBv7CLKzipRk6EC6TWHOB,0.585,0.564,0,-7.063,0,0.0515,0.0671,0.0,0.135,0.137,113.003,4,1
5NijSs5dAwaIybq1GaRTIe,0.689,0.394,2,-10.102,0,0.065,0.711,0.000905,0.0859,0.382,117.489,3,1
5IVuqXILoxVWvWEPm82Jxr,0.646,0.77,2,-6.596,0,0.226,0.00249,0.0,0.0715,0.681,99.165,4,1
6l8mgVN9Xf1hiDIFGA6CTE,0.784,0.7,1,-5.289,1,0.0396,0.0112,1.76e-05,0.163,0.204,126.015,4,1
609E1JCInJncactoMmkDon,0.768,0.644,5,-6.671,0,0.136,0.736,0.000837,0.173,0.53,95.05,4,1
2wSTnntOPRi7aQneobFtU4,0.848,0.512,3,-7.72,0,0.102,0.228,0.00232,0.0879,0.572,120.009,4,1
3YJJjQPAbDT7mGpX3WtQ9A,0.436,0.655,1,-8.37,0,0.0583,0.499,8.1e-06,0.688,0.412,121.002,4,1
09mEdoA6zrmBPgTEN5qXmN,0.461,0.593,1,-4.954,1,0.0356,0.17,0.0,0.307,0.175,134.17,3,1
1xzi1Jcr7mEi9K2RfzLOqS,0.78,0.689,7,-5.668,1,0.141,0.0368,9.69e-06,0.0698,0.642,115.042,4,1
0JXXNGljqupsJaZsgSbMZV,0.684,0.607,11,-8.127,0,0.1,0.0267,0.000307,0.191,0.498,81.001,4,0
7zFXmv6vqI4qOt4yGf3jYZ,0.658,0.294,4,-8.533,0,0.0321,0.422,5.2e-05,0.0749,0.358,74.038,4,0
7D7e6hm2LiNd6nLuJF6K9Q,0.845,0.398,5,-15.781,1,0.268,0.872,0.00713,0.159,0.482,109.996,4,1
3vcLw8QA3yCOkrj9oLSZNs,0.674,0.759,11,-8.234,0,0.0695,0.0784,0.472,0.296,0.109,134.038,4,1
1vvNmPOiUuyCbgWmtc6yfm,0.818,0.913,4,-3.06,0,0.0426,0.093,3.69e-05,0.161,0.536,119.986,4,1
1wHZx0LgzFHyeIZkUydNXq,0.713,0.526,1,-5.046,1,0.032,0.00767,0.000148,0.124,0.131,131.05,4,1
2cSdAkzAf2T4j4aLvx4LLz,0.73,0.907,2,-3.72,1,0.0606,0.0921,0.114,0.23,0.249,120.968,4,1
0DiWol3AO6WpXZgp0goxAV,0.613,0.697,2,-8.618,1,0.133,0.0194,0.0,0.332,0.476,122.746,4,1
74nEGIzIefJhJ5qX7NeIAz,0.817,0.67,8,-6.315,0,0.0545,0.156,0.168,0.111,0.712,125.972,4,1
7wBJfHzpfI3032CSD7CE2m,0.487,0.789,8,-3.69,1,0.044,0.00947,4.05e-06,0.189,0.0564,150.007,4,0
5bcTCxgc7xVfSaMV3RuVke,0.893,0.745,11,-3.105,0,0.0571,0.0642,0.0,0.0943,0.872,101.018,4,0
7fZBQnc0zXwVybgCIrQQil,0.845,0.797,1,-4.984,1,0.139,0.0582,5.57e-06,0.167,0.422,121.985,4,1
4qDpLaFGf5ampf2DXD2TMA,0.56,0.832,9,-6.432,0,0.0363,0.00953,0.00541,0.546,0.0818,126.0,4,1
5mKiwDDrwG22qKKVL6JZqF,0.925,0.561,3,-8.675,1,0.176,0.0659,0.0271,0.152,0.721,128.034,4,1
6gpcs5eMhJwax4mIfKDYQk,0.736,0.795,1,-3.299,0,0.0545,0.498,1.21e-06,0.254,0.511,104.066,4,0
6NMtzpDQBTOfJwMzgMX0zl,0.46,0.686,0,-5.948,0,0.0367,0.00146,0.0,0.375,0.252,148.054,4,0
49X0LAl6faAusYq02PRAY6,0.72,0.808,6,-5.627,1,0.0379,0.00793,0.0293,0.0634,0.869,126.041,4,1
5ZduaRci3iNUiDfJbBfAaf,0.874,0.869,1,-5.996,0,0.0315,0.00116,0.00238,0.164,0.726,126.027,4,1
4MXhiYIRDMGAuvZc5IFTwC,0.7,0.46,4,-8.111,0,0.0661,0.142,4.81e-05,0.111,0.286,151.901,4,0
7lAK3oHbfEnvUQWosrMMpR,0.785,0.554,0,-6.571,1,0.0409,0.283,3.4e-06,0.116,0.144,128.047,4,1
11kDth1aKUEUMq9r1pqyds,0.712,0.481,4,-5.415,0,0.0487,0.173,0.0,0.241,0.062,140.0,4,0
2xLMifQCjDGFmkHkpNLD9h,0.834,0.73,8,-3.714,1,0.222,0.00513,0.0,0.124,0.446,155.008,4,0
2Foc5Q5nqNiosCNqttzHof,0.794,0.811,6,-8.966,0,0.038,0.0426,1.07e-06,0.101,0.862,116.047,4,1
3eekarcy7kvN4yt5ZFzltW,0.598,0.427,7,-8.764,0,0.0317,0.0546,5.83e-06,0.21,0.0605,76.469,4,0
2cYqizR4lgvp4Qu6IQ3qGN,0.763,0.628,11,-5.85,1,0.05,0.0531,0.0,0.114,0.193,140.958,4,0
6Ea2oEzysv4UECGNxL1IEW,0.738,0.883,8,-7.989,1,0.0818,0.053,0.193,0.102,0.651,125.04,4,1
27a1mYSG5tYg7dmEjWBcmL,0.702,0.708,10,-5.366,0,0.0547,0.201,0.0,0.118,0.713,147.98,4,0
6gBFPUFcJLzWGx4lenP6h2,0.841,0.728,7,-3.37,1,0.0484,0.0847,0.0,0.149,0.43,130.049,4,1
23RoR84KodL5HWvUTneQ1w,0.671,0.876,7,-5.681,0,0.0352,0.12,0.188,0.0823,0.964,129.998,4,1
2tUBqZG2AbRi7Q0BIrVrEj,0.709,0.824,1,-8.824,1,0.0453,0.207,0.000307,0.0888,0.867,118.818,4,1
2H1047e0oMSj10dgp7p2VG,0.744,0.766,0,-6.375,1,0.0265,0.0873,0.0,0.509,0.61,127.966,4,1
3ZFTkvIE7kyPt6Nu3PEa7V,0.778,0.824,10,-5.892,0,0.0707,0.284,0.0,0.405,0.758,100.024,4,0
60ynsPSSKe6O3sfwRnIBRf,0.749,0.463,11,-8.433,1,0.0842,0.21,0.0382,0.338,0.189,90.035,4,0
0ZUo4YjG4saFnEJhdWp9Bt,0.519,0.749,6,-3.318,0,0.0405,0.271,0.0,0.119,0.29,147.905,4,0
1gv4xPanImH17bKZ9rOveR,0.7,0.709,7,-5.006,1,0.0838,0.0048,0.0,0.029,0.624,122.019,4,1
2gam98EZKrF9XuOkU13ApN,0.808,0.97,10,-6.098,0,0.0506,0.0569,6.13e-05,0.154,0.868,114.328,4,1
2bLqfJjuC5syrsgDsZfGmn,0.731,0.807,3,-6.492,0,0.1,0.181,0.751,0.319,0.765,114.759,4,1
0KKkJNfGyhkQ5aFogxQAPU,0.853,0.56,1,-4.961,1,0.0406,0.013,0.0,0.0944,0.86,134.066,4,0
3cHyrEgdyYRjgJKSOiOtcS,0.581,0.963,11,-4.087,1,0.0981,0.0295,0.0,0.139,0.788,129.992,4,0
0qOnSQQF0yzuPWsXrQ9paz,0.646,0.795,9,-3.293,1,0.0976,0.0319,0.0,0.267,0.796,89.99,4,0
4QNpBfC0zvjKqPJcyqBy9W,0.671,0.939,8,-3.206,1,0.161,0.191,0.0,0.298,0.53,129.024,4,1
02VBYrHfVwfEWXk5DXyf0T,0.586,0.616,5,-7.964,1,0.0324,0.182,0.0,0.0927,0.719,148.088,4,0
66ZcOcouenzZEnzTJvoFmH,0.756,0.77,1,-3.502,1,0.0343,0.191,0.0,0.178,0.73,119.961,4,1
1EzrEOXmMH3G43AXT1y7pA,0.703,0.444,11,-9.331,1,0.0417,0.559,0.0,0.0973,0.712,150.96,4,0
5lAnYvAIkSDNXqfo7DyFUm,0.855,0.488,3,-4.601,1,0.208,0.506,0.0,0.347,0.619,124.097,4,1
1WkMMavIMc4JZ8cfMmxHkI,0.669,0.832,0,-5.721,1,0.0682,0.0106,0.0,0.0968,0.7,113.035,4,1
7EQGXaVSyEDsCWKmUcfpLk,0.711,0.7,1,-4.805,0,0.046,0.00498,0.000125,0.215,0.801,128.001,4,1
5rb9QrpfcKFHM1EUbSIurX,0.894,0.791,2,-4.699,1,0.112,0.0183,0.0,0.0388,0.583,105.018,4,0
3w3y8KPTfNeOKPiqUTakBh,0.726,0.698,5,-4.165,1,0.0431,0.049,0.0,0.309,0.867,143.994,4,0
76hfruVvmfQbw0eYn1nmeC,0.774,0.753,4,-5.446,0,0.0517,0.152,0.0,0.0371,0.896,119.002,4,1
7BqBn9nzAq8spo5e7cZ0dJ,0.635,0.841,5,-5.379,1,0.0422,0.0134,0.0,0.0622,0.424,109.021,4,1
2hKdd3qO7cWr2Jo0Bcs0MA,0.481,0.638,0,-5.862,1,0.0276,0.153,0.0,0.154,0.497,79.064,4,0
6I9VzXrHxO9rA9A5euc8Ak,0.774,0.838,5,-3.914,0,0.114,0.0249,0.025,0.242,0.924,143.04,4,0
2tJulUYLDKOg9XrtVkMgcJ,0.704,0.558,2,-7.273,0,0.0542,0.148,0.0,0.107,0.245,110.444,4,1
0SiywuOBRcynK0uKGWdCnn,0.696,0.921,0,-3.755,1,0.0363,0.00314,5.24e-05,0.0842,0.714,119.001,4,1
0CAfXk7DXMnon4gLudAp7J,0.918,0.609,10,-5.64,0,0.0791,0.0928,0.0,0.139,0.304,128.008,4,1
2bJvI42r8EF3wxjOuDav4r,0.721,0.802,1,-5.797,1,0.0583,0.0921,0.0,0.694,0.724,124.022,4,1
5R8dQOPq8haW94K7mgERlO,0.851,0.806,4,-4.62,1,0.0787,0.118,1.64e-06,0.121,0.787,118.999,4,1
0k2GOhqsrxDTAbFFSdNJjT,0.951,0.6,0,-4.675,0,0.0685,0.106,0.0,0.0712,0.822,125.04,4,1
2kQuhkFX7uSVepCD3h29g5,0.939,0.742,5,-5.171,0,0.0467,0.321,0.0,0.107,0.924,118.978,4,1
0hquQWY3xvYqN4qtiquniF,0.801,0.601,8,-7.574,0,0.255,0.0777,3.23e-05,0.145,0.74,159.969,4,0
3TGRqZ0a2l1LRblBkJoaDx,0.783,0.58,7,-6.548,1,0.0408,0.0114,2.28e-06,0.108,0.66,120.021,4,1
5nujrmhLynf4yMoMtj8AQF,0.702,0.825,6,-3.787,0,0.0601,0.00883,0.0,0.0674,0.915,102.977,4,0
3DarAbFujv6eYNliUTyqtz,0.764,0.705,8,-3.463,1,0.0284,0.259,8.92e-05,0.12,0.781,110.97,4,1
4HlFJV71xXKIGcU3kRyttv,0.673,0.886,1,-4.44,0,0.0431,0.185,0.0,0.0826,0.795,97.012,4,0
3xrn9i8zhNZsTtcoWgQEAd,0.662,0.741,0,-5.406,1,0.0334,0.00165,0.0303,0.114,0.404,131.0,4,1
0HPD5WQqrq7wPWR7P7Dw1i,0.755,0.837,2,-2.718,0,0.142,0.0991,0.0,0.289,0.714,120.028,4,1
6Uj1ctrBOjOas8xZXGqKk4,0.824,0.764,5,-4.175,0,0.0854,0.0888,0.00294,0.117,0.881,107.998,4,1
3Vi5XqYrmQgOYBajMWSvCi,0.664,0.609,1,-6.509,1,0.0707,0.304,0.0,0.0926,0.194,130.041,4,1
161DnLWsx1i3u1JT05lzqU,0.498,0.59,1,-4.721,0,0.032,0.511,0.0,0.107,0.0784,145.867,4,0
0k4d5YPDr1r7FX77VdqWez,0.828,0.621,8,-6.414,1,0.0565,0.0164,0.00233,0.0845,0.436,128.986,4,1
2x7MyWybabEz6Y6wvHuwGE,0.822,0.739,1,-4.541,0,0.0311,0.0264,4.26e-05,0.181,0.745,118.992,4,1
500mvzh7TRZ0YdnVeHhj8b,0.747,0.877,9,-3.782,0,0.0664,0.0375,0.000833,0.233,0.752,107.991,4,1
6h5PAsRni4IRlxWr6uDPTP,0.646,0.741,5,-4.973,0,0.034,0.0275,0.0,0.312,0.571,123.077,4,1
5902W4uHWzhtOff1UK7the,0.685,0.886,0,-4.179,1,0.034,0.028,0.0,0.481,0.615,125.034,4,1
1D2Aldrksl9yWWCIPOeDzy,0.733,0.859,9,-5.03,0,0.033,0.479,0.0645,0.105,0.52,124.948,4,1
1bgKMxPQU7JIZEhNsM1vFs,0.739,0.586,10,-5.079,0,0.0472,0.0245,0.000252,0.308,0.444,124.026,4,1
698ItKASDavgwZ3WjaWjtz,0.468,0.627,6,-5.085,1,0.0476,0.0281,7.97e-06,0.11,0.159,179.642,4,0
7gHs73wELdeycvS48JfIos,0.589,0.651,6,-5.097,1,0.0306,0.0291,3.2e-06,0.111,0.166,90.011,4,0
7zsXy7vlHdItvUSH8EwQss,0.608,0.798,6,-5.092,0,0.0432,0.0736,0.0,0.156,0.501,92.943,4,0
24LS4lQShWyixJ0ZrJXfJ5,0.573,0.929,8,-3.942,0,0.109,0.197,0.000112,0.0567,0.582,127.934,4,1
6IpvkngH89cA3hhPC84Leg,0.561,0.832,9,-7.661,1,0.0717,0.232,0.0,0.107,0.666,93.991,4,0
7lxOjQyVsHQ8toQeT7IgCc,0.57,0.903,9,-4.835,1,0.0905,0.0748,0.0,0.199,0.603,93.943,4,0
22mek4IiqubGD9ctzxc69s,0.738,0.868,11,-4.373,0,0.0731,0.0392,0.00169,0.388,0.336,122.003,4,1
1xNcBAoUw8Hz6LqK2jt4Ff,0.597,0.837,10,-6.518,1,0.375,0.00427,0.00115,0.839,0.447,126.342,4,1
3OaunNUlXXs5e2PXtNAzzG,0.536,0.879,1,-3.019,1,0.0621,0.0742,0.0,0.0847,0.334,140.137,4,0
3zU9rdflI65tK4dkkNSp77,0.503,0.748,5,-4.124,1,0.0619,0.0305,0.0,0.343,0.356,125.896,4,1
6VrCmhRBFnuGKmtNfk4jDs,0.546,0.822,7,-4.483,1,0.151,0.0145,0.0,0.742,0.615,150.06,4,0
5icOoE6VgqFKohjWWNp0Ac,0.791,0.565,5,-3.933,0,0.0439,0.0623,0.0,0.156,0.181,99.961,4,0
3nEHrvNNtgLv9rneTAYVr4,0.665,0.738,0,-5.931,0,0.0379,0.0124,0.00598,0.0923,0.0389,125.037,4,1
5OSGdSxtulzlzdPdK2MQJC,0.755,0.676,5,-7.349,1,0.0377,0.0418,0.00176,0.204,0.461,123.98,4,1
3MOECVkNshqHYTPt5DZcdN,0.699,0.883,5,-3.226,0,0.219,0.0288,0.0,0.817,0.499,127.961,4,1
7MIhUdNJtaOnDmC5nBC1fb,0.687,0.818,0,-4.221,1,0.0778,0.0112,0.0,0.248,0.886,125.952,4,1
1rBTBbtkJlSDk78gg8Dw9F,0.59,0.681,5,-7.289,1,0.0305,0.046,7.55e-05,0.153,0.0726,126.02,4,1
01QPvRIYC5QG9E3khE6P9M,0.751,0.578,1,-6.633,0,0.0648,0.299,1.5e-06,0.197,0.67,149.867,4,0
66hayvUbTotekKU3H4ta1f,0.432,0.781,4,-4.038,0,0.0567,0.041,4.21e-06,0.0789,0.197,139.432,4,0
08bNPGLD8AhKpnnERrAc6G,0.626,0.88,9,-2.384,0,0.0504,0.205,0.0,0.128,0.534,95.079,4,0
3Z8FwOEN59mRMxDCtb8N0A,0.63,0.633,4,-7.088,1,0.0457,0.00776,0.0,0.0541,0.452,93.995,4,0
3fDASogRbq1vEZGLFcN9QA,0.81,0.864,11,-5.086,1,0.0374,0.0339,0.927,0.0593,0.768,124.992,4,1
07nH4ifBxUB4lZcsf44Brn,0.414,0.857,0,-4.078,0,0.0808,0.0287,0.00574,0.343,0.348,128.024,4,1
2d8JP84HNLKhmd6IYOoupQ,0.746,0.873,7,-3.803,1,0.128,0.0244,0.0,0.354,0.817,148.075,4,0
6Knv6wdA0luoMUuuoYi2i1,0.688,0.702,7,-4.792,0,0.0499,0.0215,0.0,0.128,0.74,94.006,4,0
7kDUspsoYfLkWnZR7qwHZl,0.731,0.675,5,-5.134,0,0.0434,0.00473,0.0,0.141,0.298,124.939,4,1
7FET9gtiECWn7llt0sfvtU,0.834,0.834,11,-4.035,0,0.0591,0.0671,0.0,0.373,0.344,130.024,4,1
07FkzikE6FuHIa8Ma7zJGc,0.513,0.661,5,-6.419,1,0.24,0.161,0.0,0.246,0.179,94.791,4,1
7LR85XLWw2yXqKBSI5brbG,0.632,0.924,1,-1.802,1,0.29,0.281,0.0,0.263,0.441,86.844,4,0
5Qy6a5KzM4XlRxsNcGYhgH,0.364,0.752,2,-5.429,1,0.304,0.0007,0.0,0.318,0.606,79.119,4,0
1EJIcDYXwSqipW5dFe4uJz,0.477,0.727,2,-4.053,1,0.286,0.000866,0.0,0.108,0.227,150.062,4,0
1tkMs9wDPknQ3ZHcKDw1ES,0.693,0.549,1,-8.141,1,0.119,0.0109,0.0,0.0677,0.605,80.028,4,0
22skzmqfdWrjJylampe0kt,0.633,0.927,2,-4.468,1,0.0839,0.0267,0.0,0.0986,0.88,146.097,4,0
0wHFktze2PHC5jDt3B17DC,0.902,0.582,5,-5.902,0,0.109,0.111,3.18e-06,0.111,0.332,107.005,4,1
2V4bv1fNWfTcyRJKmej6Sj,0.768,0.82,7,-4.63,0,0.0474,0.179,0.0,0.689,0.625,129.965,4,1
2XHzzp1j4IfTNp1FTn7YFg,0.669,0.634,11,-6.476,1,0.0327,0.0125,0.0,0.0946,0.496,124.906,4,1
5vlEg2fT4cFWAqU5QptIpQ,0.706,0.751,9,-6.323,1,0.0708,0.173,0.0,0.168,0.195,91.031,4,0
5wfllwdjglyQislkskYLBv,0.881,0.441,11,-6.278,0,0.0646,0.48,9.08e-06,0.119,0.804,138.014,4,1
1hS8xbWKEifaf0VuFpIY69,0.678,0.483,1,-7.956,1,0.422,0.00361,0.0,0.109,0.12,160.156,4,0
4jQF77FelHaw2u1CB0sIfp,0.839,0.544,9,-6.651,1,0.252,0.344,0.0,0.139,0.332,113.032,4,1
3bidbhpOYeV4knp8AIu8Xn,0.641,0.922,2,-4.457,1,0.0786,0.0291,0.0,0.0862,0.847,146.078,4,0
3Gf5nttwcX9aaSQXRWidEZ,0.85,0.7,7,-6.49,1,0.0478,0.0616,1.8e-06,0.244,0.722,101.875,4,1
7k6IzwMGpxnRghE7YosnXT,0.803,0.454,8,-4.802,0,0.0294,0.352,0.0,0.0655,0.739,99.99,4,1
0zO8ctW0UiuOefR87OeJOZ,0.825,0.575,11,-4.87,1,0.0633,0.025,9.94e-06,0.205,0.65,153.954,4,0
42zd6DYQ4o4SECmTITrM1U,0.631,0.774,11,-2.459,1,0.3,0.468,0.0,0.281,0.44,79.745,4,0
7t2bFihaDvhIrd2gn2CWJO,0.805,0.33,1,-8.712,0,0.1,0.22,0.0,0.105,0.211,121.97,4,1
52okn5MNA47tk87PeZJLEL,0.662,0.714,5,-5.68,0,0.121,0.312,0.0,0.179,0.464,147.997,4,0
2IRZnDFmlqMuOrYOLnZZyc,0.889,0.496,4,-6.365,0,0.0905,0.259,0.0,0.252,0.544,86.003,4,0
035MzEbx4z2DxuRDymHXbv,0.752,0.56,11,-5.375,1,0.122,0.295,0.0,0.114,0.848,120.015,4,1
2q4rjDy9WhaN3o9MvDbO21,0.758,0.712,7,-3.781,1,0.112,0.0185,0.0,0.0677,0.795,149.998,4,0
2igwFfvr1OAGX9SKDCPBwO,0.491,0.956,11,-1.538,1,0.392,0.0295,0.0,0.46,0.811,173.585,4,0
6HfOzLLjsaXsehIFEsrxTk,0.746,0.687,1,-7.475,1,0.382,0.155,0.0,0.137,0.283,143.931,4,0
56oGoEjA9eTZYgsttEFKY3,0.817,0.775,10,-4.767,0,0.108,0.277,0.0,0.108,0.806,126.984,4,1
6cmm1LMvZdB5zsCwX5BjqE,0.727,0.68,2,-4.498,1,0.0286,0.0101,0.0,0.0821,0.728,132.012,4,1
41bIQPBE1lFN0mmw6Lmssz,0.576,0.807,6,-3.908,0,0.317,0.353,0.000363,0.0512,0.908,90.012,4,0
74lnM5V6ecvoTPV0fvptx9,0.808,0.617,10,-9.32,0,0.442,0.113,0.0,0.734,0.632,149.962,4,0
5iSEsR6NKjlC9SrIJkyL3k,0.63,0.605,0,-8.951,1,0.0414,0.484,9.29e-05,0.298,0.266,115.277,4,1
7FYH5AW3bVfZHJIQpq3UOA,0.824,0.733,1,-5.474,1,0.0613,0.0362,0.0,0.325,0.395,97.972,4,1
6MF4tRr5lU8qok8IKaFOBE,0.691,0.64,0,-6.441,1,0.369,0.511,0.0,0.409,0.163,138.672,4,1
2dSKFFNoNXKo3hPnlwUdPe,0.536,0.814,1,-5.407,1,0.306,0.0388,0.0,0.142,0.851,96.7,4,1
3ZEno9fORwMA1HPecdLi0R,0.732,0.855,7,-4.064,1,0.0415,0.306,0.0,0.12,0.221,106.004,4,1
1xzBco0xcoJEDXktl7Jxrr,0.729,0.625,4,-5.266,1,0.0315,0.194,0.00986,0.248,0.261,146.034,4,0
4Li2WHPkuyCdtmokzW2007,0.789,0.858,1,-5.542,1,0.311,0.127,0.0,0.349,0.775,140.022,4,1
5oady7OSE7dH7LHiqmb3Cr,0.737,0.597,7,-7.333,1,0.119,0.292,0.0,0.13,0.449,92.049,4,0
0PJIbOdMs3bd5AT8liULMQ,0.418,0.724,5,-3.724,1,0.0964,0.213,0.0,0.112,0.604,78.521,5,0
4RY96Asd9IefaL3X4LOLZ8,0.902,0.72,6,-2.776,0,0.347,0.26,0.0,0.0749,0.805,90.059,4,0
2wGSgTmgSF3xjRrHkTc25R,0.802,0.785,9,-4.781,1,0.207,0.14,0.0,0.123,0.435,99.998,4,1
3B54sVLJ402zGa6Xm4YGNe,0.726,0.769,6,-5.043,1,0.123,0.0293,0.0101,0.104,0.733,97.985,4,1
0uaYHM2SGtMr5Rav2qHo77,0.348,0.725,1,-6.894,1,0.0813,0.000865,0.00957,0.168,0.643,143.712,4,1
6quMGNh47CpSR5kmZSYSTK,0.0,0.802,1,-7.977,1,0.0,0.00417,0.878,0.603,0.0,0.0,0,0
0q6LuUqGLUiCPP1cbdwFs3,0.689,0.739,2,-5.81,1,0.026,1.51e-05,0.509,0.064,0.578,120.423,4,1
5h0Jgt873QtgL6nJRBGfT6,0.525,0.774,9,-4.532,1,0.241,0.24,1.07e-06,0.495,0.526,154.192,4,0
1R28m5eWk1EV9FQ3puWrUp,0.423,0.965,2,-2.011,1,0.166,0.0105,1.01e-05,0.234,0.719,90.564,4,1
6K6rqLZ7PBDx3PNA4snQzK,0.601,0.918,8,-5.455,1,0.338,0.113,4.88e-06,0.149,0.832,107.893,4,1
4b82tXj35SycILuILcgBQ6,0.511,0.613,1,-6.371,1,0.321,0.0987,0.0,0.144,0.95,92.184,4,1
3BIIJgBJJ7NhhCv4MI6n7w,0.792,0.576,1,-7.046,1,0.132,0.0597,0.0,0.186,0.52,130.135,4,1
6KzI6EM1QYyOq5oudPlcWT,0.75,0.736,8,-5.405,0,0.0307,0.517,1.23e-05,0.0866,0.579,97.032,4,1
2kjdWC3cn0xYJ3Hg8Wo6DR,0.905,0.82,9,-3.078,0,0.282,0.276,2.74e-05,0.107,0.843,136.393,4,1
58MeeOMk6PMQxXWY9YCNPD,0.729,0.557,6,-11.264,1,0.243,0.651,0.000123,0.262,0.897,92.814,4,1
2f2F4z8BOi15hum9aEVDUP,0.675,0.239,2,-13.55,1,0.0353,0.873,1.85e-06,0.0695,0.67,131.007,4,1
0o73cSWmV0YJeHvzDbJDdn,0.742,0.578,11,-9.263,0,0.0567,0.00907,0.821,0.102,0.964,95.047,4,1
3GXSywNvYLAVUCtjMHkKDh,0.322,0.555,11,-8.726,0,0.129,0.208,0.00437,0.325,0.397,96.019,3,1
6xxG3HbexOhJKyiLmtUPhT,0.633,0.684,10,-4.314,0,0.591,0.314,8.95e-05,0.112,0.725,209.688,4,0
1EiLrPd8JMTcQUr1aLEUKi,0.787,0.832,10,-4.671,1,0.301,0.0347,0.0,0.0593,0.814,92.606,4,1
2bfGNzdiRa1jXZRdfssSzR,0.625,0.877,10,-7.176,0,0.162,0.0315,0.0811,0.672,0.865,192.296,4,0
4Hff1IjRbLGeLgFgxvHflk,0.76,0.891,11,-5.852,0,0.0372,0.0229,0.0869,0.298,0.966,120.264,4,1
3a6PN6BRB8PP3ms48s7kU1,0.601,0.772,0,-4.137,0,0.031,0.181,0.0543,0.0928,0.294,99.445,4,1
4WM1hvYr2NC6bQnQXcj3sH,0.571,0.717,6,-8.333,1,0.336,0.359,3.12e-06,0.797,0.881,87.54,4,1
7Cux0Rc1hY5Pt5T28apnzv,0.623,0.606,5,-7.995,1,0.177,0.659,0.0,0.318,0.931,121.252,5,1
6bcjN31l2M7nddJMKBJbDN,0.612,0.676,0,-4.931,0,0.0574,0.0307,1.05e-06,0.467,0.548,175.982,4,0
3KQh7ppbDxVjdJBtjvP5BU,0.419,0.871,11,-6.432,0,0.468,0.715,0.0,0.211,0.577,201.451,4,0
67eqrRkxp2ED26CEqvqbDv,0.508,0.6,11,-9.632,0,0.338,0.451,0.00043,0.357,0.337,153.022,4,0
0eu4C55hL6x29mmeAjytzC,0.7,0.49,0,-5.187,1,0.076,0.186,0.0,0.117,0.569,79.982,4,0
7EQvdUJqZ2i7SWvSB2VqGA,0.856,0.84,6,-7.736,0,0.334,0.0973,0.0,0.0773,0.792,95.416,4,1
5467KZaTToEB680WvOd9w5,0.583,0.604,2,-8.437,1,0.456,0.735,0.0,0.724,0.691,49.305,5,0
6Ph8QwsRfZunN5e1GGBIqa,0.563,0.784,0,-5.875,1,0.0402,0.0173,0.0,0.467,0.424,93.992,4,1
21O0XXPEWPtePt5RMY93Ob,0.358,0.889,1,-8.045,1,0.335,0.266,1.46e-05,0.172,0.666,85.61,4,1
2RHKzvzdxXANTOKtbZnuLo,0.522,0.725,5,-7.259,0,0.306,0.688,0.0,0.224,0.495,140.225,4,1
1foMv2HQwfQ2vntFf9HFeG,0.676,0.703,8,-5.815,0,0.0302,0.0869,0.000687,0.0463,0.852,92.761,4,1
3NRql0A1Ef4RCvT473iqgD,0.584,0.684,10,-4.314,0,0.567,0.312,9.05e-05,0.112,0.72,210.164,4,0
2W9u3whoCkQYOUbmnSrHi1,0.539,0.577,7,-7.763,1,0.386,0.169,0.0,0.14,0.319,177.787,4,0
47FkzJm1bUaIc0OaGZvslL,0.499,0.468,1,-11.023,1,0.522,0.703,0.0,0.167,0.719,163.117,4,0
60SvhHtwefT0e2G7i7kOH3,0.695,0.923,1,-3.93,0,0.0522,0.0425,0.0469,0.116,0.551,108.014,3,1
64dLd6rVqDLtkXFYrEUHIU,0.695,0.923,1,-3.93,0,0.0522,0.0425,0.0469,0.116,0.551,108.014,3,1
3lIxtCaROdRDuTnNBDm3n2,0.726,0.815,11,-5.886,1,0.0313,0.00799,0.081,0.112,0.462,140.158,4,1
1YgDGKyKhFlimPw3mLavPG,0.537,0.753,8,-9.441,1,0.35,0.328,1.52e-05,0.368,0.693,90.292,4,1
4BnrGx9tWNF8aiXl1UhDBa,0.376,0.718,7,-6.7,1,0.246,0.0996,0.00332,0.633,0.615,91.115,4,1
0rVJ6v23RQozOIvr1YotJP,0.633,0.684,10,-4.314,0,0.591,0.314,8.95e-05,0.112,0.725,209.688,4,0
38UYeBLfvpnDSG9GznZdnL,0.637,0.768,0,-6.468,1,0.056,0.458,0.00192,0.378,0.297,94.982,4,1
6OkDb9fyi22Pr6QJIrUNdJ,0.646,0.752,0,-5.652,1,0.268,0.664,0.0,0.17,0.761,99.948,4,1
2W3ZpQg9i6lE6kmHbcdu9N,0.741,0.913,2,-3.34,0,0.0465,0.00343,0.103,0.325,0.643,120.012,4,1
2XILilAwcXHdGwZLNHteue,0.371,0.655,0,-9.901,1,0.0771,0.0526,2.14e-06,0.168,0.855,147.794,4,1
7yMiX7n9SBvadzox8T5jzT,0.663,0.694,10,-8.627,0,0.171,0.0253,0.0,0.0698,0.525,167.953,4,0
5KUNwkaNf8l5A9sXZhiCgI,0.728,0.832,7,-6.827,1,0.267,0.327,0.0,0.504,0.825,95.051,4,1
73vIOb4Q7YN6HeJTbscRx5,0.587,0.742,6,-6.64,0,0.0529,0.0128,0.00107,0.146,0.199,145.007,4,1
5ZfQFxeeGGiKUmwzQBbGaV,0.497,0.522,6,-7.303,1,0.295,0.629,0.0,0.108,0.579,140.242,3,1
4Ebpa8CRiGYyMtqTciqJEi,0.452,0.185,1,-16.03,1,0.0717,0.93,0.000218,0.108,0.462,71.444,3,0
3ncmoWTwJgx63LwMTyBCXf,0.52,0.546,8,-4.991,0,0.213,0.579,0.0,0.112,0.634,137.419,3,1
1QrRuByqSfCxYS0JdZMlIf,0.482,0.605,10,-5.105,0,0.13,0.128,0.349,0.165,0.568,101.868,4,1
3eDzj1evIwmfQE1zDqqmwd,0.638,0.694,6,-6.295,0,0.108,0.0416,0.0,0.123,0.455,160.051,4,0
6lIRYe72fn1pf7TNqfI0ul,0.818,0.623,9,-5.901,0,0.043,0.201,0.0,0.112,0.968,120.104,4,1
6DwiGVCgXGREeCyJZtX7S1,0.654,0.47,1,-10.383,0,0.0586,0.274,0.249,0.103,0.462,77.083,4,0
4NFD9ea0uH0MtoC30yNYE1,0.696,0.65,4,-5.712,0,0.0326,0.00666,0.153,0.14,0.587,91.997,4,1
4dRb7kdtBVBFzSiCqsY7wP,0.627,0.525,11,-8.003,0,0.0635,0.892,0.000233,0.109,0.207,98.08,4,1
7tzeZLMnqlke2raEMeDZ9S,0.602,0.344,7,-7.89,1,0.149,0.513,0.0,0.133,0.315,137.702,3,1
5RG1HRQocUAafoCrGd9lY5,0.467,0.272,8,-13.789,0,0.0382,0.879,0.0,0.272,0.372,87.262,4,0
3imYkN34og7muZbkSZWLUW,0.755,0.562,10,-6.828,0,0.174,0.146,0.0,0.0986,0.527,96.503,4,1
1ljglUWkHT85jxPnO3pJpE,0.699,0.0752,8,-19.751,0,0.228,0.964,0.0363,0.106,0.481,64.23,4,0
1dYi3AzRCFueeonBFLXbzk,0.759,0.527,5,-6.589,0,0.193,0.0496,0.0,0.337,0.497,159.781,4,0
7DvlNrYFvmZieL8GdhJuoy,0.627,0.489,7,-9.838,1,0.298,0.0669,0.0,0.0823,0.842,81.475,4,0
1Nbi2hwlzGxnlYF9I6jhYm,0.517,0.739,11,-6.912,0,0.229,0.0833,0.0,0.115,0.422,88.604,4,0
46FVGaksSxksaWQ0InPzDB,0.538,0.506,7,-10.119,0,0.0711,0.441,0.247,0.599,0.38,80.515,3,0
7JM71c4NDJh0gllX45eWRi,0.454,0.544,6,-8.543,0,0.0864,0.613,1.6e-05,0.303,0.37,104.754,3,1
3qE98sHohjBGmohgKOSK01,0.739,0.264,9,-11.347,0,0.0461,0.37,0.00883,0.121,0.45,100.12,4,1
2xGGpmywtvPY3h7JkcwP1E,0.548,0.644,2,-5.621,1,0.026,0.0883,8.54e-05,0.0834,0.466,87.798,4,0
7888F1QWPTn4cPbuknNV4T,0.779,0.721,6,-6.371,1,0.214,0.122,0.00252,0.0765,0.822,178.046,4,0
08vlprFBmwh9TQnjXUtZDG,0.869,0.574,11,-7.383,0,0.0623,0.467,0.339,0.15,0.725,116.57,4,1
6nXiaXqSZAJuOG6q66mZV1,0.858,0.435,6,-9.611,0,0.116,0.566,0.0893,0.106,0.824,136.891,4,1
7lP071DicbJJgF3VU8vCkw,0.846,0.487,3,-6.575,0,0.0316,0.0244,2.99e-06,0.085,0.914,98.49,4,1
3c2LHcsave8QZ2DTzQ2iln,0.638,0.253,4,-10.232,1,0.302,0.567,0.576,0.12,0.537,145.05,4,1
0k4S8MgCg1CKWUy5hNV8GA,0.487,0.337,1,-13.561,0,0.0731,0.875,0.0103,0.157,0.337,84.394,4,0
4TLJNON6mZLpfZX3g4Oh8B,0.794,0.389,8,-6.132,1,0.0545,0.0375,0.00194,0.109,0.259,114.92,4,1
2IkJZzXP6fg0A7WOpp1xAE,0.612,0.636,3,-5.328,0,0.0899,0.144,0.0,0.126,0.221,131.922,4,1
37S1u9dpiGeBO80Lk9msLy,0.662,0.516,2,-5.143,0,0.0375,0.0167,0.0003,0.134,0.181,87.099,4,0
0VNe1ZE8U2baB3JKZpEBok,0.648,0.43,1,-9.594,1,0.0356,0.617,0.000567,0.259,0.0788,92.041,4,0
2bydO0jZES9rBvSnPvYN5L,0.814,0.53,2,-7.648,0,0.0589,0.415,0.00391,0.185,0.745,101.581,4,1
4mRX0FjuzicwZWbkRAE0Ht,0.836,0.649,5,-6.576,1,0.0441,0.0172,9.17e-06,0.114,0.77,109.968,4,1
5WjTrSEmsfIC1WDwIquuwT,0.817,0.4,6,-6.516,0,0.165,0.334,3.37e-05,0.0934,0.438,81.058,4,0
3GP7l2bmXT6T2FNAzERwBr,0.69,0.406,5,-9.41,0,0.106,0.232,1.88e-06,0.145,0.507,160.14,4,0
6RMltEudPPFoJuUoshxRBB,0.641,0.438,5,-7.029,1,0.132,0.905,0.000134,0.108,0.343,67.529,4,0
3KcDfeZ1UAMtun8TuvG1kT,0.522,0.263,8,-8.513,0,0.0909,0.346,0.0,0.111,0.196,99.648,3,1
0puWG0IhM981IsC1hd2640,0.595,0.676,6,-4.915,0,0.412,0.169,0.0,0.357,0.586,139.806,4,1
2GQomOm5bdbNnUooS3HEuF,0.564,0.352,9,-10.788,1,0.0321,0.673,0.000213,0.449,0.415,85.013,4,0
2vQ1is9lsYZ94S3jpK1cpK,0.781,0.555,2,-6.997,1,0.181,0.00562,0.000142,0.15,0.83,95.009,4,1
29wrhqZUPQFPjREFM6vayu,0.881,0.758,8,-6.755,1,0.21,0.346,0.139,0.206,0.7,119.049,4,1
10wts7gW6XFI4k1BrDKsAc,0.54,0.561,1,-8.191,1,0.218,0.169,1.67e-05,0.372,0.53,86.105,4,0
2rGAASBrTG770g8wx5NJOV,0.568,0.668,8,-6.84,1,0.103,0.00453,1.07e-05,0.0554,0.659,93.15,1,1
15KqIJ5Kc3vC8KRi57cMY7,0.564,0.641,6,-7.856,0,0.39,0.219,0.000564,0.49,0.54,143.839,4,1
6Crq3yX0pUdMaFAd3t60gH,0.646,0.191,2,-14.375,1,0.0434,0.864,0.0,0.114,0.448,95.139,4,0
3qptm6j356NV9FOJri6OgZ,0.807,0.64,5,-6.243,0,0.0319,0.31,0.000163,0.139,0.415,106.025,4,1
57tg0m3Iu8YzWyaDfFfDtR,0.66,0.709,4,-8.811,0,0.139,0.142,0.000553,0.107,0.369,99.88,4,1
6osru1Fx1n50mRD8QWI9m1,0.494,0.406,0,-8.472,0,0.0559,0.848,5.63e-06,0.0765,0.0853,159.957,4,0
6HlE9t71z9DjGi7KqSyEpA,0.711,0.592,4,-7.136,0,0.23,0.758,0.0,0.156,0.535,124.749,4,1
12zPyoqYbVdi5JoZ4A0q22,0.82,0.6,5,-8.224,0,0.0351,0.5,0.175,0.099,0.833,119.985,4,1
16BMKSNU69eW0y1Q0vWvwa,0.503,0.264,10,-9.762,0,0.0632,0.807,0.0,0.24,0.44,45.861,4,0
3DZQ6mzUkAdHqZWzqxBKIK,0.71,0.598,5,-7.598,0,0.0319,0.508,0.0,0.0971,0.501,119.981,4,1
76VtA90NKurNqaQpV126Ue,0.785,0.478,2,-8.735,1,0.0419,0.0254,0.0,0.0901,0.39,134.002,4,1
7H6ev70Weq6DdpZyyTmUXk,0.713,0.678,5,-3.525,0,0.102,0.273,0.0,0.149,0.734,138.009,4,1
0W4NhJhcqKCqEP2GIpDCDq,0.688,0.519,5,-4.285,1,0.0283,0.064,0.0,0.1,0.318,116.714,4,1
3HQcsqRjRdruUjkbDSgmVF,0.42,0.466,9,-5.298,1,0.0326,0.0546,0.00389,0.298,0.185,115.004,4,1
3LmvfNUQtglbTrydsdIqFU,0.837,0.462,0,-7.89,1,0.0601,0.0339,0.0,0.09,0.762,139.986,4,1
04KTF78FFg8sOHC1BADqbY,0.956,0.745,11,-4.753,0,0.12,0.206,0.0,0.0615,0.912,107.075,4,1
4356Typ82hUiFAynbLYbPn,0.663,0.861,7,-3.398,0,0.109,0.0338,0.0,0.082,0.654,119.963,4,1
3IcIIZMMS7UArJJPtEHXG8,0.742,0.468,10,-5.557,0,0.0625,0.0465,0.0,0.826,0.369,86.443,4,0
2VOomzT6VavJOGBeySqaMc,0.707,0.813,11,-4.515,0,0.0571,0.0863,0.0,0.168,0.722,124.921,4,1
5Y77SQxEr1eiofPeUTPHxM,0.412,0.876,5,-6.008,0,0.47,0.102,0.0,0.297,0.703,130.159,5,1
6cEguiQecbXrFlsnMi2ysr,0.77,0.347,2,-10.265,1,0.0623,0.0511,2.57e-06,0.087,0.0583,84.957,4,0
3JEJwjqLkg2Jbau5922CAb,0.542,0.487,1,-9.53,1,0.0286,0.0544,0.000885,0.0872,0.119,111.307,4,1
30cSNer6TV8x2utjULVeQ5,0.677,0.671,7,-4.905,1,0.0361,0.004,5.07e-05,0.413,0.527,137.046,4,1
78TTtXnFQPzwqlbtbwqN0y,0.582,0.272,2,-5.662,1,0.0501,0.875,0.0,0.13,0.354,205.846,4,0
60jzFy6Nn4M0iD1d94oteF,0.563,0.75,11,-4.496,1,0.127,0.113,0.0,0.0788,0.812,173.906,4,0
5WQQIDU3HRaMyPkob8mpFb,0.719,0.847,0,-6.34,0,0.0916,0.00201,0.0204,0.221,0.444,127.963,4,1
72TFWvU3wUYdUuxejTTIzt,0.725,0.534,11,-6.238,1,0.0946,0.0752,0.0,0.0919,0.558,91.974,4,0
0ByMNEPAPpOR5H69DVrTNy,0.835,0.669,6,-5.582,0,0.0643,0.0336,6.92e-05,0.0535,0.542,122.668,4,1
6MdqqkQ8sSC0WB4i8PyRuQ,0.867,0.646,1,-4.674,0,0.288,0.303,0.0,0.279,0.67,88.634,4,0
1z9kQ14XBSN0r2v6fx4IdG,0.564,0.71,11,-4.92,0,0.0461,0.00125,0.0,0.109,0.393,91.972,4,0
49FYlytm3dAAraYgpoJZux,0.583,0.829,1,-4.603,1,0.134,0.00864,0.0,0.0426,0.575,174.028,4,0
7ySUcLPVX7KudhnmNcgY2D,0.769,0.684,1,-5.019,1,0.0411,0.0105,0.000125,0.0887,0.835,127.972,4,1
4TsmezEQVSZNNPv5RJ65Ov,0.779,0.64,7,-8.415,1,0.159,0.000155,0.00077,0.101,0.498,99.019,4,1
68vgtRHr7iZHpzGpon6Jlo,0.662,0.507,5,-8.238,1,0.118,0.257,0.0,0.0465,0.676,86.412,4,0
0ARK753YaiJbpLUk7z5yIM,0.727,0.552,2,-8.074,0,0.14,0.227,0.000164,0.198,0.607,168.189,4,0
0NTMtAO2BV4tnGvw9EgBVq,0.781,0.728,1,-4.981,1,0.0621,0.0509,1.94e-06,0.257,0.395,102.99,4,1
1Jo0Zg7XlrA6z0mFTZVdkn,0.835,0.669,6,-5.582,0,0.0643,0.0336,6.92e-05,0.0535,0.542,122.668,4,1
6qn9YLKt13AGvpq9jfO8py,0.734,0.766,1,-4.485,1,0.0383,0.025,0.00138,0.108,0.6,127.986,4,1
5oO3drDxtziYU2H1X23ZIp,0.509,0.637,4,-4.83,0,0.0471,0.0717,1.08e-05,0.0789,0.378,172.006,3,0
7seTcUFOhn5caSDbiSfsp0,0.706,0.572,8,-5.799,0,0.0326,0.0262,0.0,0.585,0.574,139.982,4,1
2ENexcMEMsYk0rVJigVD3i,0.789,0.706,11,-4.233,0,0.0429,0.112,1.71e-05,0.0586,0.638,125.911,4,1
2yPoXCs7BSIUrucMdK5PzV,0.583,0.829,1,-4.603,1,0.134,0.00864,0.0,0.0426,0.575,174.028,4,0
7uKcScNXuO3MWw6LowBjW1,0.944,0.511,5,-10.96,0,0.161,0.042,0.00107,0.0379,0.842,113.046,4,1
2aBxt229cbLDOvtL7Xbb9x,0.65,0.531,4,-8.335,1,0.0364,0.457,0.0,0.249,0.487,78.946,4,0
6xkryXuiZU360Lngd4sx13,0.669,0.727,7,-7.588,1,0.0353,0.139,0.0,0.123,0.807,102.322,4,1
4AYX69oFP3UOS1CFmV9UfO,0.844,0.601,1,-5.283,1,0.157,0.0205,0.0,0.385,0.331,73.989,4,0
34ceTg8ChN5HjrqiIYCn9Q,0.673,0.683,1,-5.693,1,0.115,0.522,0.0,0.235,0.713,171.86,4,0
4pAl7FkDMNBsjykPXo91B3,0.671,0.314,5,-8.091,0,0.244,0.11,0.0,0.0825,0.296,110.898,4,1
6brl7bwOHmGFkNw3MBqssT,0.452,0.574,6,-8.336,1,0.31,0.246,0.0,0.189,0.58,92.791,4,1
6zMUIb4uce1CzpbjR3vMdN,0.665,0.695,0,-5.763,1,0.0532,0.347,0.0,0.106,0.707,90.119,4,0
1RGIjMFMgJxkZHMDXVYzOJ,0.832,0.391,8,-8.504,1,0.0628,0.0564,0.0,0.224,0.436,104.961,4,1
5c3luoCub1Z1Gg74NdNtuq,0.582,0.482,5,-9.813,0,0.0479,0.709,0.00138,0.129,0.193,88.198,4,0
0zzVTGyRrWpQu8Fr28NRAv,0.743,0.837,1,-5.025,0,0.0649,0.0172,0.0,0.0743,0.263,103.072,4,0
6pb5DtlAeG95dNQLHiArRU,0.662,0.821,2,-4.103,0,0.13,0.202,0.0,0.522,0.47,124.077,4,1
76YXmewvHFse7tBeOTtSx3,0.667,0.956,6,-5.563,1,0.287,0.00385,0.0184,0.303,0.17,129.991,4,1
3WBRfkOozHEsG0hbrBzwlm,0.55,0.648,7,-6.542,1,0.0309,0.0191,0.0,0.0999,0.323,156.957,4,0
5bFuHlXKw66Uu2cHKn5bf8,0.618,0.758,8,-7.996,1,0.0336,0.0087,0.102,0.147,0.144,120.987,4,1
3MEYFivt6bilQ9q9mFWZ4g,0.631,0.953,2,-3.739,1,0.0343,0.0241,0.0155,0.108,0.422,141.99,4,0
0NNSpmyyr0I4lrMaXS8Tba,0.725,0.859,6,-6.19,1,0.0542,0.0112,0.423,0.0831,0.4,125.969,4,1
67p96tIoC4ESrod9kW331R,0.815,0.71,6,-6.353,0,0.0469,0.129,0.528,0.113,0.572,122.967,4,1
1nV6VafLPuRSsXgbDY3i6L,0.713,0.719,4,-6.972,1,0.0455,0.164,0.0335,0.0853,0.24,119.993,4,1
3sOGVdj5VPY6C2XImtlzj7,0.577,0.875,9,-2.897,0,0.0681,0.0231,4.69e-06,0.111,0.411,164.009,4,0
0DkCOyvsrCPOXHML9eqa1Y,0.687,0.792,5,-2.749,1,0.0452,0.191,0.0,0.167,0.671,100.011,4,0
0FoDgUGgCd7SW65TKmYZAV,0.743,0.837,1,-5.025,0,0.0649,0.0172,0.0,0.0743,0.263,103.072,4,0
1Yqe3VYgjOhhJLtqkla2zc,0.469,0.724,9,-4.711,1,0.0567,0.0399,0.0,0.148,0.399,145.943,4,0
02shCNmb6IvgB5jLqKjtkK,0.605,0.783,3,-4.271,1,0.0324,0.299,0.000175,0.133,0.105,124.015,4,1
2DfSbChSPG66ASPwPiRNkM,0.687,0.792,5,-2.749,1,0.0452,0.191,0.0,0.167,0.671,100.011,4,0
3haS1MDe2Zh8jJaeiiymSt,0.88,0.821,5,-2.545,0,0.118,0.0197,0.661,0.234,0.575,127.907,4,1
2VFMnr8Sm4tDEPUgXum30G,0.739,0.456,1,-9.755,1,0.0545,0.121,0.000151,0.107,0.622,150.008,4,0
7kfOEMJBJwdCYqyJeEnNhr,0.542,0.659,8,-7.289,1,0.0389,0.00279,0.0,0.105,0.109,120.122,4,1
4NH496Sf2JEOvDRxEuIBc4,0.576,0.935,0,-3.805,0,0.102,0.15,0.0,0.724,0.609,128.051,4,1
35rozLoS6QLE8HX8qswM3k,0.433,0.905,11,-2.171,1,0.101,0.00803,0.0,0.337,0.375,148.149,4,0
2cmhLIOn3DLh7G929FkvsE,0.724,0.744,7,-4.757,1,0.0398,0.00219,4.49e-06,0.116,0.645,119.978,4,1
4nZOr5QTXnmgsL0DV0wryk,0.743,0.837,1,-5.025,0,0.0649,0.0172,0.0,0.0743,0.263,103.072,4,0
1rGd2CoMxEg2dnaytLY5ZG,0.844,0.865,5,-3.73,0,0.0431,0.0196,0.00979,0.0978,0.679,126.008,4,1
2LxdNADWier3MKTei8FbOY,0.686,0.892,10,-3.186,0,0.0498,0.0577,7.11e-06,0.0838,0.752,126.03,4,1
4TuNI3WEMyLQAKRMJmcQdA,0.764,0.943,8,-4.047,1,0.0711,0.00784,0.104,0.0699,0.207,129.961,4,1
6y6xhAgZjvxy5kR5rigpY3,0.594,0.64,10,-6.865,1,0.033,0.0169,0.0,0.135,0.492,92.871,4,0
7MWHxi7gx2M8ghbRRWyQYU,0.586,0.877,3,-8.164,1,0.0373,0.0115,0.841,0.103,0.106,129.012,4,1
3AydAydLzyyZutA0375XIz,0.551,0.819,2,-4.489,1,0.0525,0.0103,0.0437,0.153,0.846,174.917,4,0
3zHq9ouUJQFQRf3cm1rRLu,0.262,0.606,8,-6.646,1,0.0484,0.247,0.0,0.125,0.275,189.857,4,0
5WI2ltQIdwgzf1SNE76JyR,0.444,0.557,0,-5.476,1,0.0602,0.453,0.0,0.152,0.296,115.058,4,1
7w87IxuO7BDcJ3YUqCyMTT,0.733,0.71,5,-5.849,0,0.0292,0.145,0.115,0.0956,0.965,127.975,4,1
2GiJYvgVaD2HtM8GqD9EgQ,0.611,0.797,6,-7.627,0,0.0533,0.00543,0.00137,0.26,0.518,120.041,4,1
3kZC0ZmFWrEHdUCmUqlvgZ,0.517,0.206,5,-12.233,1,0.0421,0.924,0.0,0.118,0.489,80.401,4,0
3cjvqsvvU80g7WJPMVh8iq,0.611,0.677,10,-6.745,0,0.034,0.0764,0.0698,0.241,0.233,166.04,4,0
11ozIUBoXAgRTVWelDn4pL,0.703,0.731,8,-6.283,0,0.0311,0.0721,0.00191,0.138,0.719,120.028,4,1
1eyzqe2QqGZUmfcPZtrIyt,0.526,0.712,11,-6.525,0,0.0356,0.0161,0.0,0.179,0.32,105.009,4,1
4nlvKIIetOWGIMyhjQXgOZ,0.56,0.865,1,-1.148,1,0.0909,0.255,0.000153,0.083,0.424,159.96,4,0
1Dr5JexwA15wmKe7Y7maA9,0.743,0.685,4,-6.863,1,0.0975,0.0664,6.75e-05,0.0884,0.443,109.988,4,1
5ZkAx8zjLiSs1nMmBwJoZS,0.638,0.831,11,-6.812,0,0.081,0.0263,0.0,0.0491,0.388,127.975,4,1
3LGsgpx4TfxhXbr07OFKqs,0.697,0.529,2,-8.838,1,0.0338,0.115,0.896,0.0895,0.486,155.974,4,0
3XOmSRuEEq7rK4XNzWQdyT,0.462,0.771,1,-2.931,0,0.342,0.0537,0.113,0.401,0.482,170.392,4,0
77KnJc8o5G1eKVwX5ywMeZ,0.393,0.487,0,-6.348,1,0.0337,0.229,0.0,0.128,0.3,151.958,4,0
1ixbwbeBi5ufN4noUKmW5a,0.447,0.848,2,-6.175,1,0.222,0.033,7.46e-05,0.65,0.485,172.253,4,0
0bePGTDjn0XuEKoN7rOMvV,0.454,0.873,2,-5.072,1,0.122,0.000244,1.73e-05,0.0847,0.562,159.814,4,0
3FtYbEfBqAlGO46NUDQSAt,0.763,0.803,1,-3.713,1,0.0351,0.0709,0.285,0.348,0.561,103.04,3,1
1kPpge9JDLpcj15qgrPbYX,0.56,0.872,3,-4.269,1,0.14,0.0239,6.98e-06,0.371,0.682,126.05,4,1
3n69hLUdIsSa1WlRmjMZlW,0.615,0.658,5,-7.299,1,0.0343,0.096,0.000911,0.205,0.293,150.093,4,1
1snNAXmmPXCn0dkF9DaPWw,0.593,0.392,10,-6.872,0,0.0257,0.382,0.000114,0.131,0.25,75.065,4,0
6nzXkCBOhb2mxctNihOqbb,0.639,0.912,1,-2.621,1,0.0615,0.00107,0.0,0.097,0.343,143.448,4,0
5RoIXwyTCdyUjpMMkk4uPd,0.531,0.821,2,-6.812,1,0.0439,0.0701,0.171,0.124,0.34,129.139,4,1
5Az8KU81g2aLBbJN67F2CI,0.466,0.763,0,-4.448,1,0.0318,0.000501,0.0,0.0973,0.293,154.914,4,0
6QgjcU0zLnzq5OrUoSZ3OK,0.801,0.795,1,-5.115,0,0.0504,0.0417,0.000113,0.0717,0.754,79.028,4,0
3GBApU0NuzH4hKZq4NOSdA,0.563,0.739,6,-4.239,0,0.0416,0.00073,1.45e-05,0.0822,0.775,139.0,4,1
57i3M29DWoo7RDk0Tf0LZG,0.57,0.798,9,-4.92,1,0.0323,0.102,0.000128,0.178,0.671,103.303,4,1
4iEOVEULZRvmzYSZY2ViKN,0.697,0.877,3,-4.465,1,0.0462,0.462,0.00943,0.083,0.802,101.99,4,1
2LZ2CNbcbJrwh53pitRgom,0.356,0.67,2,-5.825,1,0.0324,0.467,0.000106,0.288,0.117,135.032,4,1
6E1YebXpPPtujMUljDNlOo,0.519,0.546,8,-9.368,1,0.0763,0.0827,0.0,0.133,0.0862,115.799,4,1
5r5cp9IpziiIsR6b93vcnQ,0.871,0.701,5,-5.594,0,0.0458,0.257,7.52e-06,0.0589,0.716,126.975,4,1
2Y0iGXY6m6immVb2ktbseM,0.705,0.712,6,-6.156,1,0.0385,0.0102,0.000855,0.1,0.62,97.512,4,1
2lwwrWVKdf3LR9lbbhnr6R,0.649,0.888,6,-4.807,1,0.0293,0.013,2.23e-06,0.0888,0.553,100.975,4,1
1gk3FhAV07q9Jg77UxnVjX,0.487,0.369,11,-13.424,0,0.0406,0.736,3.75e-05,0.0925,0.106,183.114,4,0
2GlV9w8oHSQdiPPk9lxqlp,0.705,0.806,0,-9.129,1,0.0405,0.0797,0.000169,0.0545,0.439,134.997,4,1
1jJci4qxiYcOHhQR247rEU,0.451,0.931,9,-3.871,1,0.0719,0.00076,0.0049,0.361,0.172,122.961,4,1
5VfEuwErhx6X4eaPbyBfyu,0.617,0.778,9,-8.872,0,0.027,0.459,0.925,0.128,0.152,100.363,4,1
0rRjGruFonCGOt0S5zAJNQ,0.689,0.338,11,-7.634,0,0.0629,0.349,5.7e-05,0.0649,0.568,128.012,4,1
6kls8cSlUyHW2BUOkDJIZE,0.657,0.768,8,-4.628,1,0.0507,0.108,0.0,0.144,0.759,75.025,4,0
0Z57YWES04xGh3AImDz6Qr,0.417,0.686,7,-6.484,1,0.0373,0.0955,0.0287,0.0989,0.625,204.113,4,0
0grFc6klR3hxoHLcgCYsF4,0.705,0.735,11,-6.646,1,0.0931,0.028,0.0783,0.112,0.448,132.627,4,1
1UqhkbzB1kuFwt2iy4h29Q,0.534,0.721,11,-7.307,0,0.0417,0.0343,6.24e-06,0.115,0.225,128.978,3,1
3DamFFqW32WihKkTVlwTYQ,0.512,0.662,3,-6.797,1,0.0439,0.0275,0.0,0.118,0.472,180.114,4,0
6INztpNwOTlfSKTuPo0HOP,0.368,0.463,0,-10.595,1,0.0302,0.811,0.0017,0.109,0.447,156.008,3,0
0GegHVxeozw3rdjte45Bfx,0.628,0.5,6,-9.66,0,0.0268,0.44,0.0,0.244,0.68,124.932,4,1
4iG2gAwKXsOcijVaVXzRPW,0.438,0.94,2,-3.249,1,0.0452,8.74e-05,0.0777,0.3,0.421,100.99,3,1
4BdGO1CaObRD4La9l5Zanz,0.638,0.738,6,-4.976,0,0.0292,0.117,0.000384,0.689,0.657,97.021,4,1
1Dr1fXbc2IxaK1Mu8P8Khz,0.531,0.909,11,-4.236,1,0.034,0.0175,0.0,0.231,0.814,97.546,4,0
3EYOJ48Et32uATr9ZmLnAo,0.618,0.748,0,-8.905,1,0.358,0.0384,4.1e-06,0.0473,0.663,134.114,4,1
6nek1Nin9q48AVZcWs9e9D,0.449,0.585,5,-6.761,1,0.0268,0.0509,8.75e-05,0.0833,0.212,139.631,4,1
2WfaOiMkCvy7F5fcp2zZ8L,0.573,0.902,6,-7.638,0,0.054,0.018,0.00125,0.0928,0.876,84.412,4,0
75JFxkI2RXiU7L9VXzMkle,0.557,0.442,5,-7.224,1,0.0243,0.731,1.46e-05,0.11,0.213,146.277,4,1
6Qyc6fS4DsZjB2mRW9DsQs,0.315,0.715,11,-8.072,0,0.0362,0.00125,7.97e-06,0.0942,0.497,155.925,3,0
1JSTJqkT5qHq8MDJnJbRE1,0.82,0.452,1,-9.796,1,0.0348,0.543,0.00294,0.0714,0.74,117.401,4,1
48UPSzbZjgc449aqz8bxox,0.592,0.767,9,-2.788,0,0.027,0.0021,0.00165,0.127,0.328,96.483,4,0
5QLHGv0DfpeXLNFo7SFEy1,0.767,0.787,3,-9.897,1,0.0331,0.0163,0.583,0.0513,0.964,126.879,4,1
6PwjJ58I4t7Mae9xfZ9l9v,0.497,0.97,10,-4.851,0,0.0836,9.04e-05,0.000674,0.101,0.689,138.081,4,1
5hnyJvgoWiQUYZttV4wXy6,0.56,0.595,9,-4.53,1,0.0274,0.199,6.47e-05,0.132,0.144,104.011,4,1
7ygpwy2qP3NbrxVkHvUhXY,0.375,0.893,2,-4.097,1,0.0406,0.000509,0.0,0.187,0.434,174.323,4,0
10nyNJ6zNy2YVYLrcwLccB,0.255,0.393,5,-10.654,1,0.0278,0.0577,0.00361,0.113,0.118,76.426,4,0
1PtQJZVZIdWIYdARpZRDFO,0.629,0.545,10,-13.123,0,0.0546,0.719,0.00308,0.0604,0.194,108.376,4,1
31AOj9sFz2gM0O3hMARRBx,0.666,0.855,9,-5.051,0,0.0295,0.179,1.2e-06,0.0987,0.803,125.639,4,1
70wYA8oYHoMzhRRkARoMhU,0.467,0.988,11,-3.313,1,0.112,0.000152,0.0484,0.28,0.321,130.433,4,1
1mea3bSkSGXuIRvnydlB5b,0.486,0.617,5,-7.115,0,0.0287,0.0954,3.23e-06,0.109,0.417,138.015,4,1
6GtX0jaNL8IjVQfrDBx81z,0.404,0.72,10,-9.18,0,0.0623,5.59e-05,0.836,0.0466,0.475,121.864,4,1
64BbK9SFKH2jk86U3dGj2P,0.458,0.795,0,-3.265,1,0.0574,0.00316,0.000202,0.0756,0.513,123.229,4,1
11LmqTE2naFULdEP94AUBa,0.256,0.641,1,-10.283,1,0.0552,0.199,0.0329,0.0853,0.382,203.006,4,0
1G391cbiT3v3Cywg8T7DM1,0.595,0.717,0,-4.803,1,0.0295,0.0779,0.00274,0.108,0.547,88.969,4,0
58ge6dfP91o9oXMzq3XkIS,0.52,0.852,0,-5.866,1,0.0543,0.00237,5.79e-05,0.0733,0.234,140.267,4,1
7D0RhFcb3CrfPuTJ0obrod,0.371,0.268,1,-10.506,1,0.0281,0.748,0.0517,0.104,0.165,102.617,3,1
6VoIBz0VhCyz7OdEoRYDiA,0.634,0.551,3,-7.136,1,0.0352,0.00737,1.82e-05,0.07,0.453,151.779,4,0
2AT8iROs4FQueDv2c8q2KE,0.288,0.758,6,-5.692,0,0.0371,0.00616,0.0,0.303,0.619,97.094,4,1
6QewNVIDKdSl8Y3ycuHIei,0.394,0.944,10,-6.506,0,0.0761,0.00178,4.54e-06,0.298,0.265,105.338,4,1
3AJwUDP919kvQ9QcozQPxg,0.429,0.661,11,-7.227,1,0.0281,0.00239,0.000121,0.234,0.285,173.372,4,0
3ZOEytgrvLwQaqXreDs2Jx,0.618,0.938,9,-3.442,1,0.0456,0.0179,0.0,0.167,0.875,91.455,4,0
0FDzzruyVECATHXKHFs9eJ,0.545,0.675,6,-6.474,1,0.0279,0.00617,0.00197,0.209,0.162,124.97,4,1
0dOg1ySSI7NkpAe89Zo0b9,0.398,0.952,4,-6.042,1,0.061,0.000373,7.75e-05,0.1,0.584,122.093,4,1
4P5KoWXOxwuobLmHXLMobV,0.5,0.824,4,-5.846,0,0.0388,0.00016,0.00161,0.0916,0.539,120.125,4,1
5ruzrDWcT0vuJIOMW7gMnW,0.593,0.749,5,-5.67,1,0.0475,0.0113,0.106,0.314,0.649,164.959,4,0
3d9DChrdc6BOeFsbrZ3Is0,0.559,0.345,4,-13.496,1,0.0459,0.0576,0.000105,0.141,0.458,84.581,4,0
5QmdK8QFbY8TLVKPuJzexD,0.534,0.919,7,-7.318,1,0.0355,0.284,0.591,0.092,0.153,130.03,4,1
48p5E25cFPanxuwCTmTpuL,0.629,0.876,0,-10.141,1,0.0444,0.0864,7.72e-05,0.0431,0.358,118.01,4,1
4prEPl61C8qZpeo3IkYSMl,0.568,0.719,8,-5.406,1,0.0354,0.0892,1.84e-06,0.233,0.539,106.036,4,1
0cGG2EouYCEEC3xfa0tDFV,0.5,0.501,0,-8.284,0,0.0376,0.462,0.0,0.26,0.623,144.438,4,0
4V0x90QcMh4ZxwHzEWOdtK,0.34,0.737,8,-4.681,1,0.0582,0.000105,0.762,0.0699,0.499,172.022,4,0
2Di0qFNb7ATroCGB3q0Ka7,0.656,0.914,4,-7.471,0,0.0394,0.000943,0.0628,0.159,0.576,113.259,4,1
6kvoHl80mfCVTv7XnZkjQn,0.52,0.652,5,-6.655,1,0.0274,0.34,5.49e-05,0.256,0.722,80.609,4,0
59CLe8stbcx4XYBWdsfbwK,0.442,0.922,2,-5.086,1,0.0655,0.0532,3.86e-06,0.0768,0.855,162.272,4,0
2gQaQUhDCNGfBVXTvxAmXQ,0.511,0.942,0,-10.407,1,0.0429,0.174,1.87e-05,0.139,0.498,97.909,4,0
1ChulFMnwxoD74Me8eX2TU,0.554,0.963,6,-3.762,0,0.035,0.000244,0.0702,0.431,0.918,128.175,4,1
1TfqLAPs4K3s2rJMoCokcS,0.692,0.711,0,-7.498,0,0.0317,0.225,0.0,0.12,0.875,125.135,4,1
4Sfa7hdVkqlM8UW5LsSY3F,0.566,0.755,11,-5.526,1,0.0368,0.0338,0.0,0.315,0.445,101.006,4,0
7H6TvLL3dyoY2XtrUKp3wK,0.456,0.85,0,-7.897,1,0.0853,0.00271,3.75e-05,0.231,0.132,132.866,4,1
6OnfBiiSc9RGKiBKKtZXgQ,0.661,0.908,5,-4.897,1,0.039,0.052,0.0,0.0708,0.656,144.091,4,0
4d6eqRtpDX7tydHJGDZUBQ,0.799,0.687,2,-5.682,1,0.0431,0.193,0.000188,0.0307,0.965,108.804,4,1
15MJ5NThPjj6xhPcts8MiY,0.497,0.719,6,-9.397,1,0.0266,0.0613,0.0,0.411,0.547,95.769,4,0
2tpfxAXiI52znho4WE3XFA,0.736,0.761,4,-5.449,0,0.0338,0.0966,0.0,0.0823,0.114,119.999,4,1
3X7uFMzJrEE0sxn62qd8Ch,0.643,0.802,6,-4.92,1,0.0227,0.0299,0.0,0.0719,0.53,95.99,4,0
6t1FIJlZWTQfIZhsGjaulM,0.675,0.61,1,-13.811,1,0.085,0.0852,0.0188,0.159,0.344,131.037,4,1
748yv6bb3l3CcKS45a6SZ8,0.602,0.839,4,-4.251,0,0.0255,0.502,0.00128,0.095,0.653,95.159,4,0
3L7RtEcu1Hw3OXrpnthngx,0.731,0.738,9,-8.125,0,0.0377,0.184,0.0,0.214,0.958,117.656,4,1
4cOdK2wGLETKBW3PvgPWqT,0.721,0.939,8,-11.823,1,0.0376,0.115,3.79e-05,0.108,0.914,113.309,4,1
7HKxTNVlkHsfMLhigmhC0I,0.554,0.833,2,-6.667,0,0.0347,0.000646,0.0025,0.0737,0.773,142.673,4,0
0Q2YGyMeeZMAvzebtxoQ5f,0.713,0.868,0,-6.644,0,0.0305,0.00206,9.23e-05,0.225,0.641,119.98,4,1
6xWIuPEnPIODp4dCRsAd5I,0.542,0.795,4,-3.63,0,0.0368,0.00506,0.019,0.0851,0.431,92.234,4,0
6HZ9VeI5IRFCNQLXhpF4bq,0.711,0.906,8,-2.671,1,0.0284,0.00952,1.64e-05,0.153,0.824,125.916,4,1
5RBOcBpJXaNnHCGViJmYhh,0.485,0.89,8,-5.992,0,0.0911,0.000872,0.818,0.102,0.258,128.881,4,1
4wGSg2Qqpt2sGCWuAZj6EN,0.626,0.667,0,-11.817,0,0.0283,0.209,0.000257,0.0779,0.83,112.776,4,1
39lSeqnyjZJejRuaREfyLL,0.691,0.812,0,-7.772,1,0.0558,0.0433,1.16e-06,0.299,0.685,127.568,4,1
14OxJlLdcHNpgsm4DRwDOB,0.729,0.65,5,-3.539,1,0.0313,0.0702,6.69e-05,0.0829,0.347,110.02,4,1
1U3BASc885MPCYOzYwOIpO,0.646,0.759,10,-4.34,1,0.0314,0.189,0.0977,0.103,0.423,91.999,4,0
4ZlQzskKkK4jsbcqO96luB,0.55,0.884,9,-5.508,1,0.0363,0.0867,1.55e-05,0.68,0.549,145.029,4,0
3kMrazSvILsgcwtidZd1Qd,0.674,0.882,3,-2.771,0,0.0477,0.000441,6.47e-05,0.068,0.682,123.016,4,1
26ZzSLUJMmYp5u1hDELEWH,0.522,0.914,7,-8.285,1,0.0379,0.000164,0.847,0.24,0.0364,137.939,3,0
0hDQV9X1Da5JrwhK8gu86p,0.502,0.941,7,-5.194,1,0.0716,0.000346,0.319,0.553,0.124,119.783,4,1
4v2rkl1mC3zVAz0nXMx9r4,0.77,0.654,4,-6.108,1,0.0361,0.0539,0.00047,0.0819,0.685,114.82,4,1
7vPHiwgCOAjSBRjAirbMvS,0.454,0.673,0,-13.425,1,0.0265,0.589,0.238,0.252,0.827,163.954,3,0
5lwQGZYF4BXOzFtXc5zk8q,0.623,0.739,7,-8.116,1,0.0244,0.338,1.88e-05,0.109,0.642,95.007,4,0
2wSAWEYUHkt92X4SBAPqZE,0.668,0.73,10,-7.182,1,0.0366,0.225,0.0,0.188,0.894,92.049,4,0
4alHo6RGd0D3OUbTPExTHN,0.619,0.579,4,-9.307,1,0.0473,0.0152,6.4e-05,0.0858,0.69,127.224,4,1
04uR2cdkgiaLIzebPcs25m,0.526,0.723,5,-5.59,1,0.0294,0.3,0.00698,0.058,0.744,159.685,4,0
3rTnGUeDrnZV22DvRuUuXr,0.437,0.229,2,-10.514,1,0.0308,0.221,0.0599,0.0935,0.0754,147.911,4,0
6hHc7Pks7wtBIW8Z6A0iFq,0.762,0.651,0,-13.34,1,0.0655,0.00198,0.856,0.111,0.941,130.395,4,1
6foY66mWZN0pSRjZ408c00,0.614,0.68,6,-4.58,1,0.0289,0.369,1.84e-06,0.115,0.707,149.959,4,0
3fqwjXwUGN6vbzIwvyFMhx,0.392,0.37,9,-10.888,1,0.0298,0.205,0.0096,0.0821,0.512,48.718,4,0
2YVlDlk2zRceefo6XlC6DX,0.641,0.803,6,-5.781,0,0.0286,0.00232,3.86e-06,0.361,0.671,121.086,4,1
59uQI0PADDKeE6UZDTJEe8,0.517,0.675,6,-5.382,1,0.0357,0.459,0.0,0.151,0.518,203.853,4,0
03fs6oV5JAlbytRYf3371S,0.568,0.841,8,-3.802,1,0.0261,0.00514,0.000503,0.147,0.668,103.983,4,1
4kvjThnfQIsPOKjxx0aZDu,0.415,0.573,1,-6.567,1,0.0286,0.28,0.00449,0.0966,0.322,80.95,4,0
2lNTHWu2I5Tcz9ukWsV5Jj,0.557,0.597,5,-8.296,1,0.048,0.646,0.0,0.0974,0.414,78.526,4,0
1mMLMZYXkMueg65jRRWG1l,0.551,0.801,6,-5.069,1,0.0303,0.013,6.03e-06,0.265,0.625,128.027,4,1
0JbSghVDghtFEurrSO8JrC,0.645,0.904,2,-4.532,1,0.0462,0.0293,0.0,0.0834,0.671,105.97,4,1
69AIpwGNLxr4qS1X5ynx60,0.586,0.559,4,-6.725,1,0.05,0.639,0.0,0.0872,0.437,177.945,4,0
03fT3OHB9KyMtGMt2zwqCT,0.506,0.886,11,-3.225,1,0.0655,0.0916,0.0,0.0734,0.595,143.935,4,0
5W4kiM2cUYBJXKRudNyxjW,0.732,0.839,9,-5.007,1,0.0345,0.265,0.0,0.602,0.629,119.724,4,1
7phmBo7bB9I9YifAXqnlqV,0.692,0.808,2,-3.757,1,0.0396,0.0834,3.75e-05,0.0913,0.802,143.977,4,1
21LRaD9rB3v7p7DDCZsW4y,0.604,0.879,4,-3.388,1,0.0322,0.0468,0.0,0.0909,0.757,137.983,4,1
3cBsEDNhFI9E82vPj3kvi3,0.505,0.657,11,-5.24,0,0.0318,0.373,0.00107,0.126,0.252,196.0,3,0
7K3BhSpAxZBznislvUMVtn,0.492,0.675,6,-5.456,1,0.0389,0.467,0.0,0.142,0.478,203.759,4,0
5OELUCYgOHKFAvCERnAvfS,0.62,0.869,6,-5.479,1,0.0462,0.615,0.0,0.131,0.597,126.019,4,1
103u49mLoJUge83B1CnLxI,0.662,0.77,0,-4.887,1,0.0367,0.0875,0.0,0.35,0.769,132.057,4,1
4obHzpwGrjoTuZh2DItEMZ,0.466,0.786,0,-5.13,1,0.0328,0.417,6.1e-05,0.125,0.571,203.903,4,0
1Lo0QY9cvc8sUB2vnIOxDT,0.712,0.603,8,-5.52,1,0.0262,0.186,0.0,0.115,0.67,97.994,4,1
3oZ6dlSfCE9gZ55MGPJctc,0.488,0.67,2,-5.759,1,0.0268,0.0969,0.00022,0.257,0.484,142.139,4,1
2UikqkwBv7aIvlixeVXHWt,0.602,0.477,9,-8.425,1,0.032,0.268,3.1e-05,0.173,0.552,183.89,4,0
0PAcdVzhPO4gq1Iym9ESnK,0.656,0.757,3,-5.775,0,0.0308,0.492,0.0,0.117,0.429,139.971,4,1
0uRrG2jRR5tuifsYIJHEao,0.403,0.537,3,-6.628,1,0.031,0.59,0.0,0.112,0.414,69.877,4,0
7ETjhPaIU4UmHOiimJBZz9,0.639,0.713,5,-4.368,0,0.0337,0.0539,0.0,0.102,0.717,86.1,4,0
5MwynWK9s4hlyKHqhkNn4A,0.631,0.591,7,-5.785,1,0.0277,0.657,0.0,0.11,0.489,97.074,4,1
2rxQMGVafnNaRaXlRMWPde,0.551,0.402,11,-7.431,1,0.0262,0.676,0.0,0.0928,0.382,103.313,4,1
1yj1ZztSGITJ5Nf4mfH92c,0.517,0.877,4,-3.621,1,0.0297,0.00147,0.0,0.208,0.616,150.004,4,0
6IBcOGPsniK3Pso1wHIhew,0.487,0.65,0,-5.195,1,0.0253,0.191,0.0,0.0933,0.456,151.964,4,0
3Qu3Zh4WTKhP9GEXo0aDnb,0.53,0.678,6,-6.16,1,0.0278,0.506,6.23e-06,0.138,0.508,140.05,4,1
698eQRku24PIYPQPHItKlA,0.533,0.907,11,-3.793,1,0.0406,0.0292,0.0,0.386,0.7,150.99,4,0
1jX9wlAgVkAl0fCZqkCI73,0.676,0.856,11,-4.35,1,0.0393,0.454,0.0,0.141,0.965,144.092,4,0
7aEtlGHoiPAfRB084NiDmx,0.538,0.863,1,-4.483,1,0.0481,0.0139,0.0,0.0874,0.637,77.001,4,0
7fveJ3pk1eSfxBdVkzdXZ0,0.624,0.766,8,-3.805,1,0.0359,0.199,8.62e-06,0.156,0.37,172.08,4,0
1brnLTvarI9D1hLP6z2Ar8,0.738,0.455,3,-8.735,1,0.0352,0.695,0.0,0.107,0.441,99.945,4,1
1rXq0uoV4KTgRN64jXzIxo,0.613,0.914,7,-5.153,1,0.03,0.00522,2.21e-06,0.26,0.916,141.978,4,1
6xHI9KjUjYT0FPtGO8Mxa1,0.464,0.813,10,-6.185,1,0.0416,0.0153,0.0,0.254,0.515,75.977,4,0
2KtGiBi5CrX2ERPD2PAS34,0.657,0.871,7,-4.614,1,0.0675,0.0031,0.0,0.102,0.532,114.974,4,1
5uU1uuyaUIBOiiUSQG7Wl3,0.731,0.85,9,-4.913,1,0.0336,0.252,0.0,0.605,0.644,119.706,4,1
48UKTR66uUOT9LaUvooTNx,0.608,0.745,1,-4.13,1,0.0277,0.0226,6.47e-06,0.0942,0.464,102.025,4,1
0JtgoDDf0ggWaoXCGhcOoT,0.613,0.765,2,-5.058,0,0.0318,0.259,4.28e-06,0.0832,0.343,139.993,4,1
67AdiJcurlf6gocGobfaXs,0.565,0.56,6,-6.034,1,0.0275,0.538,0.0,0.0961,0.325,159.931,4,0
0mKnuxVkPi5h0kuvZl44VM,0.549,0.44,7,-8.192,1,0.0264,0.232,7.37e-06,0.107,0.214,128.01,3,1
73zawW1ttszLRgT9By826D,0.498,0.764,4,-5.006,1,0.0309,0.123,3.07e-05,0.119,0.489,147.984,4,1
075qcpR3BnxD5CWUIx1HTr,0.553,0.884,2,-5.306,1,0.0771,0.0921,0.00033,0.0463,0.248,110.074,4,1
3xdjjKMcMOFgo1eQrfbogM,0.537,0.66,9,-7.174,1,0.0296,0.455,0.0,0.135,0.574,148.096,4,1
05ZACkzW8YbRq3eFgIfSNB,0.692,0.809,2,-5.935,1,0.0255,0.1,9.77e-05,0.185,0.927,104.023,4,1
2KVwlelhxKUy8LVV6JypH3,0.42,0.672,6,-7.902,1,0.027,0.0067,0.0,0.108,0.476,168.019,4,0
5lDriBxJd22IhOH9zTcFrV,0.465,0.954,10,-4.251,1,0.044,0.000346,5.38e-06,0.573,0.458,143.85,4,0
13HVjjWUZFaWilh2QUJKsP,0.546,0.311,1,-10.396,1,0.0288,0.818,1.65e-05,0.107,0.246,147.464,4,0
6shRGWCtBUOPFLFTTqXZIC,0.787,0.655,6,-8.339,0,0.0431,0.238,0.000171,0.138,0.65,102.485,4,1
4Jz4bjXeiF2SXVj9P4YfY5,0.674,0.778,0,-5.367,1,0.0376,0.0469,0.0,0.145,0.816,90.01,4,0
4VywXu6umkIQ2OS0m1I79y,0.868,0.347,5,-9.529,1,0.0536,0.308,2e-05,0.11,0.659,110.059,4,1
38YgZVHPWOWsKrsCXz6JyP,0.672,0.623,9,-5.699,1,0.0297,0.241,0.0,0.0848,0.617,92.018,4,0
1EAgPzRbK9YmdOESSMUm6P,0.606,0.826,0,-6.04,1,0.0307,0.0256,1.56e-05,0.117,0.322,121.04,4,1
5vYA1mW9g2Coh1HUFUSmlb,0.521,0.673,8,-8.685,1,0.0284,0.00573,0.0,0.12,0.543,108.031,4,1
4IoYz8XqqdowINzfRrFnhi,0.338,0.803,8,-5.412,0,0.0413,0.0187,0.0,0.136,0.4,151.994,4,0
1fXiYSWmkKJfRKMegCkI11,0.478,0.758,1,-5.4,1,0.0331,0.00974,0.00717,0.312,0.452,131.109,4,1
3vUn7FE3ZaQgJmkhIrIirF,0.594,0.51,4,-9.621,1,0.0383,0.047,7.27e-05,0.0959,0.368,141.979,4,1
2ToW7zhGCrVrLU4fiKj9U1,0.536,0.775,8,-6.765,1,0.0394,0.228,0.000143,0.0947,0.485,151.393,4,0
0wqOReZDnrefefEsrIGeR4,0.541,0.864,1,-4.915,1,0.0357,0.00118,0.0,0.0896,0.435,124.557,4,1
0aJrYfARfCKzv6gXjhs4SZ,0.792,0.647,4,-8.314,1,0.045,0.255,0.000223,0.132,0.694,102.477,4,1
0ll8uFnc0nANY35E0Lfxvg,0.453,0.655,9,-4.22,1,0.0259,0.0794,7.61e-06,0.0849,0.368,172.012,4,0
5DiXcVovI0FcY2s0icWWUu,0.578,0.817,0,-6.542,1,0.0363,0.183,3.06e-06,0.285,0.726,141.621,4,0
7vFv0yFGMJW3qVXbAd9BK9,0.647,0.729,5,-6.251,1,0.0236,0.0206,0.0489,0.134,0.687,94.01,4,0
5MMZJtHOiH1RmQSSe3DJdg,0.389,0.431,7,-8.061,1,0.0344,0.249,0.0,0.13,0.275,142.14,4,1
5imShWWzwqfAJ9gXFpGAQh,0.578,0.756,2,-5.82,1,0.115,0.157,0.000232,0.249,0.663,176.739,4,0
1N62wozuHCvczCkY4QidpP,0.592,0.729,8,-4.156,1,0.0448,0.022,0.0,0.0653,0.709,116.03,4,1
5fVZC9GiM4e8vu99W0Xf6J,0.64,0.743,10,-4.08,1,0.0379,0.269,0.0,0.101,0.361,122.035,4,1
4E6cwWJWZw2zWf7VFbH7wf,0.583,0.786,2,-3.142,0,0.0301,0.0208,0.0,0.188,0.573,123.055,4,1
0W4Kpfp1w2xkY3PrV714B7,0.685,0.466,0,-9.074,1,0.0304,0.794,2.06e-06,0.0915,0.353,79.936,4,0
4B4vB3oB8csotplfoQcAd6,0.52,0.496,5,-8.121,1,0.0271,0.0234,2.05e-05,0.0905,0.496,138.81,4,1
1YLJVmuzeM2YSUkCCaTNUB,0.492,0.81,7,-5.315,1,0.0847,0.0416,0.00379,0.117,0.245,149.954,4,0
5eWOsyHHic4vJP3LjTVhqv,0.765,0.535,0,-7.229,1,0.0265,0.22,2.55e-05,0.104,0.548,105.019,4,1
3d8y0t70g7hw2FOWl9Z4Fm,0.664,0.573,5,-6.519,1,0.0277,0.613,0.000363,0.0857,0.566,76.023,4,0
4w1lzcaoZ1IC2K5TwjalRP,0.56,0.825,11,-3.862,1,0.0379,0.323,0.0,0.161,0.268,94.931,4,0
1KxwZYyzWNyZSRyErj2ojT,0.479,0.545,7,-7.346,1,0.0688,0.365,0.0,0.0963,0.243,74.897,4,0
0KAiuUOrLTIkzkpfpn9jb9,0.765,0.837,1,-3.113,0,0.032,0.00107,1.06e-05,0.0801,0.721,122.028,4,1
1fBl642IhJOE5U319Gy2Go,0.482,0.833,5,-5.611,1,0.0449,0.000346,0.0,0.365,0.74,148.039,4,0
4T6FWA703h6H7zk1FoSARw,0.826,0.694,7,-7.862,1,0.0315,0.316,0.0285,0.074,0.852,123.932,4,1
3Hvg5tRKsQlX25wYwgMF9p,0.67,0.609,7,-10.088,1,0.0333,0.749,6.74e-05,0.227,0.573,127.463,4,1
03xWMkKEbeO4SnylA53ipj,0.673,0.42,4,-7.581,1,0.0317,0.112,0.0,0.0897,0.385,108.066,4,1
4MflGTO2ZTcSQ12bWcyRgI,0.752,0.775,9,-7.289,1,0.0546,0.0324,0.0,0.351,0.595,122.014,4,1
0815caqt2Lytro5EIzMufT,0.459,0.427,7,-7.734,1,0.0267,0.114,0.0,0.168,0.354,139.902,3,1
0nnwn7LWHCAu09jfuH1xTA,0.395,0.843,8,-4.476,1,0.0374,0.00483,0.0,0.0404,0.481,112.423,4,1
3ekNuTF3UpOvIZCfiejpnC,0.598,0.56,0,-11.679,1,0.0375,0.607,0.0432,0.196,0.221,115.01,4,1
4RCWB3V8V0dignt99LZ8vH,0.656,0.291,2,-10.572,1,0.0293,0.872,0.0,0.114,0.298,103.971,4,1
0rFOs9paloAvEtzwDX1Kmc,0.697,0.474,9,-6.663,1,0.0351,0.603,0.0,0.11,0.249,127.904,4,1
2jdAk8ATWIL3dwT47XpRfu,0.667,0.361,1,-8.69,0,0.0273,0.575,0.00506,0.0805,0.29,134.018,5,1
2l57cfmCnOkwNX1tky02n1,0.518,0.916,3,-3.858,1,0.0454,0.000148,0.0,0.291,0.646,109.864,4,1
7ETjhPaIU4UmHOiimJBZz9,0.639,0.713,5,-4.368,0,0.0337,0.0539,0.0,0.102,0.717,86.1,4,1
6foY66mWZN0pSRjZ408c00,0.614,0.68,6,-4.58,1,0.0289,0.369,1.84e-06,0.115,0.707,149.959,4,1
42TtHTxWk782ZBiqyOi2d1,0.447,0.441,0,-7.658,1,0.0456,0.874,4.36e-05,0.188,0.286,122.811,4,1
0bILU0UiNDmA5Ff6whhb2R,0.57,0.67,1,-6.519,1,0.0274,0.426,0.0,0.108,0.593,140.924,4,1
2tgQaL85WoRfgEa4hFQgrE,0.536,0.574,7,-6.705,1,0.0254,0.75,0.00277,0.105,0.877,87.194,4,1
0OWhKvvsHptt6vnnNUSM9a,0.544,0.573,8,-5.694,1,0.0356,0.0958,0.0,0.104,0.233,122.977,4,1
1jX9wlAgVkAl0fCZqkCI73,0.676,0.856,11,-4.35,1,0.0393,0.454,0.0,0.141,0.965,144.092,4,1
0bPnT6i9H1p8Vd85GS6Z7I,0.63,0.754,2,-3.564,1,0.0284,0.0963,0.0,0.268,0.73,95.999,4,1
1SjsVdSXpwm1kTdYEHoPIT,0.505,0.27,9,-9.165,0,0.0333,0.593,0.0,0.133,0.557,98.721,4,1
6DLbBlGIOjjEj0dNN25zhZ,0.38,0.488,9,-6.637,1,0.029,0.126,7.23e-06,0.115,0.268,156.031,3,0
0fCwTrRNfoNk962ati8n2K,0.585,0.55,11,-7.342,1,0.0255,0.408,3.97e-05,0.115,0.839,78.176,4,0
1TE8AAk9koG0UJco6ZAUfx,0.582,0.568,1,-7.3,1,0.0275,0.577,0.0,0.105,0.394,121.991,3,1
0ZUo4YjG4saFnEJhdWp9Bt,0.519,0.749,6,-3.318,0,0.0405,0.271,0.0,0.119,0.29,147.905,4,1
5jfhLCSIFUO4ndzNRh4w4G,0.508,0.296,3,-10.513,1,0.0755,0.897,5e-05,0.11,0.134,82.532,4,0
0n2SEXB2qoRQg171q7XqeW,0.609,0.923,9,-3.908,1,0.0338,0.16,4.73e-06,0.295,0.961,115.996,4,1
1Omt5bfz1tZUCqd26HxbS0,0.581,0.687,6,-5.4,1,0.105,0.229,0.0,0.109,0.187,76.014,4,0
1cU34sZG9kF4FYHCoAD0Ib,0.855,0.691,2,-6.51,1,0.0514,0.144,0.0,0.36,0.647,121.472,4,1
6zC0mpGYwbNTpk9SKwh08f,0.572,0.214,7,-15.625,1,0.0293,0.649,0.129,0.125,0.485,95.542,4,0
13lZDbwonGhOflQLQIfdtZ,0.534,0.441,7,-5.752,1,0.0303,0.661,0.0,0.0934,0.439,97.009,4,1
5lN1EH25gdiqT1SFALMAq1,0.505,0.833,0,-4.632,1,0.0475,0.00772,7.9e-05,0.069,0.565,130.121,4,1
1qRA5BS78u3gME0loMl9AA,0.653,0.519,2,-10.164,1,0.0497,0.406,0.0209,0.101,0.822,98.883,4,1
4vO9dmzNRqDhFY3jD1a3P7,0.581,0.624,9,-8.346,1,0.0777,0.0987,0.0,0.0411,0.637,139.714,4,1
4lJ6YVXQ0jUk5ILu0PSrA4,0.601,0.574,2,-8.166,1,0.03,0.579,1.14e-05,0.216,0.8,147.964,4,0
3lN8PP6R2IxbLP05QpYXng,0.439,0.734,2,-12.168,1,0.097,0.262,0.333,0.244,0.54,145.703,4,0
4iya38ctQ1httyA6NOG9oW,0.374,0.778,5,-4.466,1,0.0363,0.1,0.199,0.107,0.484,133.85,3,1
3RNyGLgSvmVRZ7xKUp8Wgd,0.642,0.65,4,-8.567,1,0.0623,0.66,0.0,0.14,0.973,164.421,4,0
6zGDIDjfDkPyNxrEERO3XG,0.58,0.885,0,-5.154,0,0.0715,0.1,0.00157,0.146,0.788,145.405,4,0
70eDxAyAraNTiD6lx2ZEnH,0.612,0.921,7,-2.882,1,0.085,0.0183,0.0,0.0576,0.446,139.988,4,0
4c4jJJoaiY21t2TyRZgdWS,0.64,0.651,4,-14.981,0,0.0517,0.142,0.28,0.0341,0.801,111.676,4,1
2QfiRTz5Yc8DdShCxG1tB2,0.534,0.803,10,-9.129,1,0.0743,0.741,6.07e-05,0.307,0.969,167.983,4,0
7aOor99o8NNLZYElOXlBG1,0.582,0.962,4,-3.037,1,0.0542,0.0096,0.128,0.283,0.506,123.971,4,1
21Qsj3cMVCx2xF2EVVNbEu,0.356,0.982,4,-1.574,0,0.112,0.713,0.00145,0.941,0.299,95.754,4,0
05NYcsjJwOYq4jIiKPVj9p,0.599,0.79,4,-3.58,1,0.043,0.00257,0.00181,0.312,0.961,103.783,4,1
1qOU8KzFifXE9YrgjVwYvc,0.292,0.823,7,-6.763,1,0.0407,0.0117,7.79e-05,0.155,0.244,89.939,4,0
1hHGUdFaiJHw9hVZGJWYO2,0.585,0.532,7,-9.673,1,0.0268,0.209,0.00797,0.227,0.68,94.461,4,0
63xdwScd1Ai1GigAwQxE8y,0.756,0.401,7,-10.702,0,0.0526,0.582,0.011,0.0541,0.514,101.954,4,1
1gcESexgftSuLuML57Y69q,0.787,0.472,2,-12.824,1,0.0832,0.221,0.000336,0.153,0.824,120.059,4,1
70YvYr2hGlS01bKRIho1HM,0.545,0.64,4,-9.937,0,0.224,0.00249,0.0304,0.196,0.606,80.544,4,0
0QULNNd9z5s35entfiiXoa,0.612,0.884,5,-4.4,1,0.0459,0.00516,0.0,0.0997,0.626,119.991,4,1
65GbQI9VDTs7vo6MJL2iJA,0.424,0.465,6,-6.595,1,0.0297,0.461,5.52e-05,0.154,0.462,112.418,3,1
2kkvB3RNRzwjFdGhaUA0tz,0.404,0.902,1,-3.88,1,0.0665,0.577,0.297,0.287,0.497,115.669,4,1
2K2M0TcglCRLLpFOzKeFZA,0.683,0.594,2,-8.289,1,0.0347,0.385,8.61e-05,0.121,0.734,115.099,4,1
3XKIUb7HzIF1Vu9usunMzc,0.777,0.601,2,-5.931,1,0.126,0.0406,0.00201,0.0348,0.68,97.911,4,1
43DeSV93pJPT4lCZaWZ6b1,0.445,0.706,8,-9.803,1,0.0461,0.234,0.000252,0.205,0.768,80.823,4,0
5MAK1nd8R6PWnle1Q1WJvh,0.509,0.448,4,-7.552,0,0.0357,0.00713,0.0137,0.244,0.221,156.909,3,0
3ykSdTGmYPFl8pDBXer1zG,0.699,0.502,9,-12.526,1,0.0278,0.0607,0.0337,0.317,0.676,105.266,4,1
1a2iF9XymafjRk56q7oCxo,0.427,0.626,8,-11.821,1,0.0385,0.0274,0.00395,0.106,0.743,126.877,4,1
4Hhv2vrOTy89HFRcjU3QOx,0.274,0.348,5,-8.631,1,0.0293,0.547,0.0133,0.334,0.328,87.43,3,0
5G1sTBGbZT5o4PNRc75RKI,0.356,0.872,2,-7.837,1,0.068,0.00417,0.00975,0.0997,0.607,166.3,4,0
6DE1vkPkMn2I77360IBb8t,0.537,0.851,4,-4.591,1,0.0443,0.0329,0.00105,0.131,0.155,129.022,4,1
7vguMCv8uVuZLiQJ156u3Z,0.573,0.539,2,-6.091,0,0.0322,0.0162,1.16e-05,0.105,0.39,75.012,4,0
0P7DoyGrr4Wp9w5TotEtUC,0.63,0.551,9,-9.28,1,0.0549,0.373,5.75e-05,0.103,0.518,143.868,4,0
5n0CTysih20NYdT2S0Wpe8,0.47,0.623,0,-5.655,1,0.0302,0.392,0.000439,0.0992,0.298,77.861,4,0
1UBQ5GK8JaQjm5VbkBZY66,0.601,0.859,5,-5.263,1,0.0276,0.000359,0.00124,0.0871,0.446,125.145,4,1
4fUU9WKxEgJXyrZJsUA2iP,0.406,0.713,7,-5.49,1,0.0348,0.276,0.00354,0.112,0.577,164.444,4,0
3hhbDnFUb2bicI2df6VurK,0.635,0.184,8,-10.785,1,0.0456,0.665,0.0,0.146,0.177,128.424,4,1
0S5MCBH1qTVCsckidwvS8G,0.469,0.248,1,-13.946,1,0.0641,0.891,0.886,0.112,0.333,179.51,4,0
1xBNJg2dvZsmUM4yoBag9N,0.626,0.517,0,-13.593,1,0.0395,0.487,0.00192,0.0822,0.829,91.895,4,1
4BU9s6QLGFCaxlgaPWWuFY,0.527,0.118,7,-17.135,1,0.0449,0.951,0.902,0.111,0.402,135.609,3,1
6WuBXGHGpSqpkFCl7ei8xp,0.468,0.36,0,-8.721,1,0.0334,0.881,0.0946,0.12,0.374,95.915,4,1
5xAm3DM3XkDXEWU7Es5AI9,0.651,0.302,6,-11.253,0,0.0335,0.846,0.72,0.105,0.262,125.311,4,1
7EaZOfcQgKj53K2FPKWpIk,0.498,0.0749,4,-22.481,0,0.0473,0.982,0.925,0.111,0.263,106.329,4,1
0wqeaDeaKq14IuQESPqBEJ,0.478,0.212,0,-13.124,1,0.0516,0.938,0.0,0.587,0.431,74.643,4,0
4U8pBfTMo2rVQuvn3BXxQ4,0.79,0.327,3,-11.116,1,0.0474,0.883,0.144,0.0957,0.381,104.036,4,1
3Su94JQMs4BUAAldxFsWmY,0.577,0.253,5,-10.615,1,0.0625,0.814,0.748,0.111,0.25,95.782,4,1
6EOpjNGn34eXLJASVcUksY,0.218,0.0293,0,-31.517,1,0.0425,0.951,0.565,0.228,0.037,68.836,3,0
2jqNOlwfO6RslKx1TmLljK,0.592,0.415,6,-8.615,1,0.045,0.889,0.756,0.24,0.335,129.635,4,1
5NO96KkIVx6AdOTV77C4Ck,0.424,0.471,0,-8.933,1,0.0526,0.837,0.829,0.378,0.944,63.114,4,0
4QzZVJc6qPTtTkPem7qZRo,0.486,0.313,7,-14.323,1,0.0252,0.894,0.948,0.167,0.199,102.605,4,1
44tGSzsMCM5gECnCU9vCQU,0.513,0.271,11,-12.186,1,0.0423,0.884,0.797,0.109,0.245,114.545,4,1
0jh9Or3bRBoF487GEvEaCH,0.499,0.0738,10,-18.129,1,0.0471,0.97,0.938,0.109,0.325,97.588,3,1
5Coby45wjYCSVv49K7akR9,0.667,0.192,0,-15.375,1,0.0482,0.847,0.771,0.108,0.0918,73.906,4,0
5UewWG58QFgJXV36lH6kY8,0.52,0.184,9,-17.902,1,0.068,0.961,0.917,0.102,0.443,81.602,4,0
4ZAvg7HUOB3jH9e5niRKgQ,0.572,0.122,3,-18.165,0,0.0844,0.933,0.872,0.111,0.095,124.235,4,1
7dm2MG1cI9oo3kZgpjMLFz,0.507,0.309,6,-14.429,0,0.0383,0.784,0.0,0.138,0.716,82.052,4,0
1m3BAsNsQAaSNMD2M6vlKY,0.682,0.752,2,-9.521,1,0.0454,0.476,0.863,0.0768,0.964,81.081,4,0
40DiuuFQbqp164cuqNdCIA,0.594,0.172,9,-15.82,1,0.0422,0.872,0.717,0.103,0.292,72.658,4,0
0porleM25n0O0ZZTPPXQFY,0.143,0.0177,1,-33.8,1,0.0537,0.966,0.686,0.105,0.198,86.543,4,0
3n1DCR84wibN1QdQ76juzz,0.477,0.17,3,-14.234,1,0.0896,0.836,0.88,0.128,0.207,126.519,4,1
0U86hztiLpoyVjJiRVZxJF,0.0771,0.031,0,-32.185,1,0.0599,0.994,0.944,0.113,0.205,78.158,1,0
7jcLeqojncPZAFh2VUO7mD,0.532,0.247,2,-15.507,1,0.0339,0.73,0.0,0.18,0.67,87.995,4,0
0SdFIDXpGJnd7rIWbXQxIv,0.426,0.243,9,-10.765,0,0.057,0.821,0.545,0.112,0.211,148.255,4,1
7i1ElAFtdc1ZQ35caqmjMy,0.481,0.18,5,-14.994,1,0.05,0.876,0.949,0.121,0.212,126.174,4,1
5eIg1epMoq4ZRNPEy0W7wH,0.726,0.0946,6,-19.029,1,0.0693,0.951,0.884,0.111,0.206,63.309,4,0
53Tfvtz3yKpKSevEiC77wu,0.529,0.431,7,-6.323,1,0.057,0.675,0.00152,0.102,0.168,82.869,4,0
0k6P9cdEA9K3k0ASde2Kof,0.253,0.098,11,-19.878,0,0.0437,0.93,0.862,0.122,0.062,84.865,4,0
2HTYj5Z5LH7QXK4EcyBsWt,0.513,0.324,4,-10.822,1,0.0634,0.895,0.793,0.113,0.203,175.82,3,0
3y2JGBw04pev6VIeKTJCOO,0.788,0.207,9,-10.582,1,0.0618,0.892,0.936,0.115,0.289,89.999,4,1
4S77OLbigZvNbiePlvjbDf,0.494,0.267,9,-9.898,1,0.066,0.878,0.0,0.14,0.481,182.03,3,0
7wg7dmX824pIbY8ONfbgAz,0.868,0.479,8,-10.491,1,0.145,0.891,0.941,0.0989,0.543,110.097,3,1
1jHNQodYIGvk187xrISw1i,0.672,0.0914,5,-16.644,1,0.083,0.969,0.747,0.109,0.354,143.403,3,1
1KmzKvDdiKdcVoxxILTDdz,0.501,0.17,0,-17.733,1,0.0487,0.973,0.939,0.122,0.789,75.064,4,0
6js7mLpJ4vlOkR8rme6fDD,0.561,0.251,8,-13.709,1,0.0532,0.835,0.557,0.0842,0.25,75.182,4,0
1PINN6x0Riouab3wPSglpp,0.294,0.00785,4,-29.64,0,0.0667,0.994,0.956,0.0929,0.173,70.958,3,0
2isQvtKEghXrIznabDgbyI,0.607,0.2,0,-13.138,1,0.0488,0.874,0.00837,0.111,0.238,105.637,4,1
2v2jnqIRqN9aCh6ZDTLpqC,0.742,0.268,3,-11.442,1,0.0522,0.9,0.757,0.105,0.446,119.951,4,1
3rKkf5p5UDTjededRrAyZn,0.479,0.254,5,-10.675,1,0.0433,0.84,0.841,0.117,0.254,149.139,4,1
3Oj3qgVvYddVbPrNBDEWO3,0.599,0.0455,7,-21.333,1,0.0595,0.97,0.946,0.112,0.146,112.894,4,1
7nzCeSlzWIsZh1B8pzFOhs,0.584,0.142,7,-15.152,1,0.0482,0.939,0.798,0.105,0.205,96.055,3,1
21Fs9UuXGoESVVESdWTxZ5,0.464,0.0216,4,-25.896,1,0.0466,0.987,0.863,0.0974,0.235,101.965,4,1
0EjxneWpJA1hT8Ek2Kq14b,0.754,0.363,4,-9.875,0,0.0635,0.909,0.612,0.223,0.337,89.94,4,1
4cqJkAtlbTUMeBy0rMXnCV,0.555,0.322,0,-9.822,1,0.0358,0.873,0.438,0.103,0.268,94.949,4,1
4PMQ9IidXtvDdhmlH4IBPD,0.847,0.146,2,-12.368,1,0.0488,0.941,0.932,0.11,0.281,99.994,4,1
1NgkiQCZtk0Hnb5ocnUe04,0.66,0.377,5,-10.556,0,0.0357,0.882,0.0659,0.114,0.183,134.989,4,1
0vB4Vd6PtkJSEnWsmqATnZ,0.553,0.614,1,-5.098,1,0.0306,0.764,0.0,0.0811,0.345,136.628,4,1
2ecEcNTfy1kYSOfc2ZwQlU,0.747,0.307,11,-12.91,1,0.043,0.954,0.645,0.108,0.364,119.88,4,1
